Area,BHK,Price,Bathroom_median,Parking_median,Per_Sqft_median,Status_Ready_to_move,Transaction_Resale,Type_freq_Builder_Floor,Furnishing_freq_Semi-Furnished,Furnishing_freq_Unfurnished,Locality_encoder
800.0,3,6500000,2.0,1.0,11291.5,1,0,1,1,0,8895972.0
750.0,2,5000000,2.0,1.0,6667.0,1,0,0,1,0,8895972.0
950.0,2,15500000,2.0,1.0,6667.0,1,1,0,0,0,8895972.0
600.0,2,4200000,2.0,1.0,6667.0,1,1,1,1,0,8895972.0
650.0,2,6200000,2.0,1.0,6667.0,1,0,1,1,0,8895972.0
1300.0,4,15500000,3.0,1.0,6667.0,1,0,1,1,0,8895972.0
1350.0,4,10000000,3.0,1.0,6667.0,1,1,1,1,0,8895972.0
650.0,2,4000000,2.0,1.0,6154.0,1,0,0,1,0,8895972.0
985.0,3,6800000,3.0,1.0,6154.0,0,0,1,0,1,8895972.0
1300.0,4,15000000,4.0,1.0,6154.0,1,0,1,1,0,8895972.0
1100.0,3,6200000,2.0,1.0,6154.0,1,0,1,1,0,8895972.0
870.0,3,7700000,2.0,1.0,6154.0,1,0,1,1,0,8895972.0
630.0,2,5500000,2.0,1.0,6154.0,1,0,1,1,0,8895972.0
660.0,2,5000000,2.0,1.0,6154.0,1,1,1,1,0,8895972.0
344.4448,2,3310000,2.0,1.0,6154.0,1,1,1,1,0,8895972.0
660.0,2,4700000,2.0,1.0,6154.0,1,0,1,1,0,8895972.0
550.0,2,4500000,2.0,1.0,6154.0,1,0,1,1,0,8895972.0
1100.0,4,17000000,3.0,1.0,6154.0,1,0,1,1,0,8895972.0
1150.0,3,25000000,3.0,1.0,6154.0,1,1,0,1,0,8895972.0
650.0,2,6000000,2.0,1.0,6154.0,1,1,1,1,0,8895972.0
850.0,2,11000000,2.0,1.0,6154.0,1,1,0,1,0,8895972.0
900.0,3,4500000,2.0,5.0,6154.0,1,1,1,1,0,12942544.0
430.556,1,5300000,1.0,2.0,6154.0,1,1,0,0,0,8895972.0
900.0,2,10500000,2.0,1.0,6154.0,1,1,0,1,0,12942544.0
914.9315,2,12000000,2.0,1.0,6154.0,1,1,1,1,0,8895972.0
1100.0,3,7000000,3.0,1.0,6364.0,1,0,1,0,0,8895972.0
800.0,3,7000000,2.0,1.0,8750.0,1,1,1,1,0,8895972.0
500.0,1,3400000,1.0,1.0,8750.0,1,1,0,1,0,8895972.0
28.0,2,5000000,2.0,1.0,8750.0,1,0,0,0,0,8895972.0
2160.0,4,21000000,4.0,1.0,9722.0,1,0,1,0,0,8895972.0
1500.0,1,13500000,2.0,1.0,11291.5,1,1,0,0,1,27556778.0
800.0,2,15000000,2.0,1.0,11291.5,1,0,1,0,1,27556778.0
900.0,2,10500000,2.0,1.0,11291.5,1,0,1,0,1,27556778.0
1080.0,3,22500000,2.0,1.0,11291.5,1,0,1,1,0,27556778.0
750.0,2,13600000,2.0,1.0,11291.5,1,0,1,0,1,27556778.0
1450.0,3,30000000,3.0,2.0,11291.5,1,0,1,1,0,27556778.0
900.0,2,13500000,2.0,1.0,11291.5,1,0,0,1,0,27556778.0
810.0,2,8910000,2.0,1.0,11291.5,1,1,1,1,0,27556778.0
1350.0,3,25000000,4.0,1.0,11291.5,1,1,0,0,1,27556778.0
1710.0,3,26000000,3.0,4.0,11291.5,1,0,1,1,0,27556778.0
1650.0,3,30000000,3.0,1.0,11291.5,1,1,1,1,0,27556778.0
1280.0,2,12500000,2.0,1.0,11291.5,1,1,1,0,0,27556778.0
1260.0,3,21000000,3.0,1.0,11291.5,1,1,1,1,0,27556778.0
1130.0,2,7800000,2.0,1.0,11291.5,1,1,1,0,1,27556778.0
600.0,2,11500000,2.0,1.0,11291.5,1,0,1,1,0,27556778.0
850.0,2,11500000,2.0,1.0,11291.5,1,1,1,1,0,27556778.0
1500.0,3,26000000,3.0,2.0,11291.5,1,0,1,1,0,27556778.0
900.0,2,13000000,2.0,2.0,14444.0,1,0,1,1,0,27556778.0
1000.0,3,22000000,3.0,1.0,22000.0,1,0,1,1,0,27556778.0
900.0,2,15800000,2.0,1.0,22000.0,1,0,1,1,0,27556778.0
2925.0,4,57500000,4.0,2.0,22000.0,1,0,1,0,1,27556778.0
900.0,2,10000000,2.0,2.0,22000.0,1,1,1,0,1,27556778.0
1600.0,3,30000000,3.0,2.0,22000.0,1,0,1,0,1,27556778.0
1143.0,3,22000000,3.0,2.0,22000.0,1,0,1,0,1,27556778.0
1150.0,3,24000000,3.0,2.0,22000.0,1,0,1,1,0,27556778.0
1500.0,3,31500000,3.0,1.0,22000.0,1,1,1,1,0,27556778.0
850.0,2,14600000,2.0,1.0,22000.0,1,1,1,1,0,27556778.0
8000.0,4,240000000,5.0,1.0,22000.0,1,0,1,1,0,27556778.0
890.0,2,8300000,2.0,1.0,22000.0,1,1,1,1,0,27556778.0
1100.0,3,22500000,3.0,1.0,22000.0,1,0,1,0,1,27556778.0
750.0,1,4600000,1.0,2.0,11291.5,1,1,0,0,0,12942544.0
850.0,2,1900000,1.0,2.0,2235.0,1,0,0,1,0,12942544.0
1350.0,3,5130000,2.0,1.0,3800.0,1,0,0,0,1,12942544.0
1387.0,4,5890000,4.0,1.0,4247.0,1,0,0,0,1,12942544.0
1050.0,3,3700000,2.0,1.0,3524.0,1,0,0,0,1,12942544.0
1500.0,3,17400000,2.0,1.0,3524.0,1,1,0,0,1,12942544.0
1200.0,3,15500000,3.0,1.0,3524.0,1,1,0,1,0,12942544.0
700.0,2,2400000,1.0,1.0,3524.0,0,0,0,1,0,12942544.0
1700.0,3,17200000,2.0,1.0,3524.0,1,1,0,1,0,12942544.0
1550.0,3,14200000,2.0,2.0,3524.0,1,1,0,0,0,12942544.0
1400.0,3,13500000,3.0,1.0,3524.0,1,1,0,1,0,12942544.0
1900.0,4,30000000,4.0,1.0,3524.0,1,1,0,1,0,12942544.0
2160.0,4,21000000,3.0,1.0,3524.0,1,1,0,0,1,12942544.0
1700.0,4,20500000,3.0,1.0,3524.0,1,1,0,0,1,12942544.0
1850.0,3,24000000,4.0,1.0,3524.0,1,1,0,1,0,12942544.0
1800.0,4,16500000,2.0,1.0,3524.0,1,1,0,1,0,12942544.0
1620.0,3,14900000,2.0,1.0,3524.0,1,1,0,1,0,12942544.0
1800.0,4,19200000,3.0,1.0,3524.0,1,1,0,0,0,12942544.0
1540.0,3,14500000,3.0,1.0,3524.0,1,1,0,1,0,12942544.0
1600.0,3,15600000,3.0,1.0,3524.0,1,1,0,1,0,12942544.0
1400.0,3,11400000,2.0,1.0,3524.0,1,1,0,0,1,12942544.0
2300.0,4,31500000,4.0,1.0,3524.0,1,1,0,0,0,12942544.0
1560.0,3,15800000,2.0,2.0,3524.0,1,1,0,0,0,12942544.0
1500.0,3,16000000,3.0,2.0,3524.0,1,1,0,1,0,12942544.0
1540.0,3,14500000,3.0,1.0,3524.0,1,1,0,1,0,12942544.0
1050.0,2,10500000,2.0,1.0,3524.0,1,1,0,0,1,12942544.0
1800.0,3,14800000,2.0,1.0,3524.0,1,1,0,1,0,12942544.0
400.0,1,1850000,1.0,1.0,3524.0,1,0,1,1,0,12942544.0
1150.0,3,6800000,2.0,1.0,3524.0,1,0,1,1,0,12942544.0
1525.0,3,14200000,3.0,1.0,3524.0,1,1,0,1,0,12942544.0
900.0,1,8900000,1.0,1.0,11291.5,1,1,1,1,0,27556778.0
1450.0,3,37500000,3.0,2.0,11291.5,1,0,1,1,0,27556778.0
1450.0,3,30000000,3.0,2.0,11291.5,1,0,1,1,0,27556778.0
1260.0,3,21000000,3.0,2.0,11291.5,1,1,1,1,0,27556778.0
2925.0,4,57500000,4.0,2.0,11291.5,1,0,1,0,1,27556778.0
1710.0,3,30000000,3.0,1.0,11291.5,1,1,1,1,0,27556778.0
1600.0,3,30000000,3.0,1.0,11291.5,1,0,1,0,1,27556778.0
1500.0,3,31500000,3.0,1.0,11291.5,1,1,1,1,0,27556778.0
2200.0,3,30000000,3.0,1.0,11291.5,1,1,1,0,1,27556778.0
1350.0,3,41500000,3.0,1.0,11291.5,1,0,1,0,1,27556778.0
1710.0,3,24800000,3.0,1.0,11291.5,1,1,1,1,0,27556778.0
1350.0,3,35000000,3.0,2.0,11291.5,1,1,1,1,0,27556778.0
1500.0,3,40000000,3.0,1.0,26666.0,1,1,1,1,0,27556778.0
2880.0,4,46000000,5.0,1.0,15972.0,1,0,1,0,1,27556778.0
2700.0,4,55000000,4.0,2.0,183333.0,1,1,1,1,0,27556778.0
1400.0,3,24500000,3.0,1.0,183333.0,1,1,1,0,1,27556778.0
1800.0,3,24500000,3.0,1.0,183333.0,1,1,0,0,1,27556778.0
1400.0,3,32500000,3.0,1.0,183333.0,1,0,1,1,0,27556778.0
1000.0,2,20000000,2.0,1.0,20000.0,1,1,0,0,0,27556778.0
8000.0,4,240000000,5.0,1.0,20000.0,1,0,1,1,0,27556778.0
1000.0,2,20000000,2.0,1.0,20000.0,1,1,0,0,0,27556778.0
1700.0,3,19000000,3.0,2.0,20000.0,1,1,1,0,0,27556778.0
1600.0,3,26000000,3.0,2.0,20000.0,1,1,1,0,1,27556778.0
1350.0,3,21000000,3.0,1.0,15556.0,1,1,1,0,1,27556778.0
1700.0,3,27500000,3.0,1.0,16176.0,1,1,1,1,0,27556778.0
1400.0,3,32500000,3.0,2.0,16176.0,1,0,1,1,0,27556778.0
1450.0,3,45000000,3.0,1.0,16176.0,1,0,1,1,0,27556778.0
1350.0,3,21000000,3.0,1.0,15556.0,1,1,1,1,0,27556778.0
1700.0,3,28000000,3.0,1.0,15556.0,1,1,1,0,1,27556778.0
1600.0,3,29500000,3.0,2.0,15556.0,1,1,1,0,1,27556778.0
1500.0,1,13500000,2.0,1.0,11291.5,1,1,0,0,1,27556778.0
800.0,2,14000000,2.0,1.0,11291.5,1,0,1,0,1,27556778.0
1710.0,3,26000000,3.0,4.0,11291.5,1,0,1,1,0,27556778.0
1350.0,2,12500000,2.0,4.0,9259.0,1,1,1,0,0,27556778.0
1500.0,3,26000000,3.0,2.0,9259.0,1,0,1,1,0,27556778.0
750.0,2,11500000,2.0,2.0,9259.0,1,0,1,1,0,27556778.0
850.0,2,14600000,2.0,2.0,9259.0,1,1,1,1,0,27556778.0
1575.0,3,25500000,3.0,1.0,9259.0,1,0,1,1,0,27556778.0
1675.0,3,31000000,3.0,2.0,18507.0,1,0,1,1,0,27556778.0
1350.0,3,22000000,3.0,2.0,18507.0,1,1,1,1,0,27556778.0
900.0,2,13400000,2.0,2.0,18507.0,1,0,1,1,0,27556778.0
1800.0,3,35000000,3.0,2.0,18507.0,0,0,1,1,0,27556778.0
900.0,2,11000000,2.0,2.0,18507.0,1,1,1,0,0,27556778.0
900.0,2,6300000,2.0,2.0,7000.0,1,1,1,0,1,27556778.0
900.0,2,12500000,2.0,2.0,7000.0,1,1,1,0,0,27556778.0
800.0,2,14500000,2.0,1.0,7000.0,1,0,1,0,1,27556778.0
1100.0,2,22500000,3.0,1.0,7000.0,1,0,1,1,0,27556778.0
810.0,2,15500000,2.0,1.0,7000.0,1,0,1,1,0,27556778.0
1500.0,3,26000000,3.0,1.0,7000.0,1,0,1,1,0,27556778.0
900.0,2,15800000,2.0,1.0,7000.0,1,0,1,1,0,27556778.0
825.0,2,15000000,2.0,1.0,7000.0,1,0,1,0,1,27556778.0
900.0,2,13000000,2.0,1.0,7000.0,1,0,1,0,1,27556778.0
875.0,2,15000000,2.0,1.0,7000.0,1,0,1,0,1,27556778.0
1350.0,3,25000000,3.0,1.0,7000.0,1,0,1,1,0,27556778.0
750.0,2,16500000,2.0,1.0,7000.0,1,0,1,1,0,27556778.0
900.0,2,10300000,2.0,1.0,7000.0,1,0,1,0,1,27556778.0
1350.0,3,26000000,3.0,1.0,7000.0,1,0,1,1,0,27556778.0
900.0,2,11000000,2.0,1.0,7000.0,1,1,1,0,1,27556778.0
1800.0,3,28500000,3.0,1.0,7000.0,1,0,1,0,1,27556778.0
900.0,2,11000000,2.0,1.0,7000.0,1,1,1,0,1,27556778.0
900.0,2,11000000,1.0,1.0,11291.5,1,1,0,0,0,3825000.0
810.0,3,4500000,2.0,1.0,11291.5,1,1,1,1,0,3825000.0
450.0,2,3600000,1.0,1.0,72000.0,1,1,1,0,1,3825000.0
100.0,3,4300000,2.0,1.0,43000.0,1,0,1,0,0,3825000.0
900.0,3,4000000,2.0,1.0,4444.0,1,1,1,1,0,3825000.0
500.0,2,1650000,2.0,1.0,3300.0,1,1,0,1,0,3825000.0
450.0,1,2000000,1.0,1.0,4444.0,1,1,1,0,0,3825000.0
75.0,2,3000000,2.0,1.0,40000.0,1,1,1,1,0,3825000.0
270.0,2,1400000,1.0,1.0,5185.0,1,1,0,1,0,3825000.0
500.0,2,2000000,1.0,1.0,4000.0,1,1,1,1,0,3825000.0
444.0,2,2000000,2.0,1.0,4000.0,1,1,0,0,1,3825000.0
400.0,1,2000000,1.0,1.0,4000.0,1,1,1,0,0,3825000.0
729.0,3,2600000,4.0,1.0,3567.0,1,1,1,0,0,3825000.0
4050.0,6,5100000,3.0,1.0,1259.0,1,1,1,0,0,3825000.0
2400.0,6,6000000,4.0,1.0,2500.0,1,1,1,0,0,3825000.0
450.0,2,4000000,2.0,1.0,2500.0,1,1,1,0,0,3825000.0
405.0,2,6200000,3.0,1.0,2500.0,1,1,1,0,0,3825000.0
666.0,1,3500000,2.0,1.0,5255.0,1,1,1,0,0,3825000.0
1000.0,2,7600000,2.0,1.0,5255.0,1,1,0,1,0,8895972.0
1360.0,4,13500000,3.0,1.0,5255.0,1,0,1,1,0,8895972.0
1550.0,4,12500000,3.0,1.0,5255.0,1,0,1,1,0,8895972.0
850.0,3,6500000,2.0,1.0,5255.0,1,0,1,1,0,8895972.0
2170.0,4,22000000,4.0,2.0,5255.0,1,0,1,0,1,8895972.0
720.0,3,6000000,2.0,1.0,5255.0,1,0,1,1,0,8895972.0
850.0,3,7300000,2.0,1.0,5255.0,1,0,1,1,0,8895972.0
950.0,3,7600000,2.0,1.0,5255.0,1,0,1,1,0,8895972.0
2300.0,4,20000000,4.0,1.0,5255.0,1,0,1,1,0,8895972.0
1300.0,4,15000000,4.0,1.0,5255.0,1,0,1,1,0,8895972.0
1100.0,3,6200000,2.0,1.0,5255.0,1,0,1,1,0,8895972.0
1030.0,3,6200000,2.0,1.0,5255.0,1,0,1,0,0,8895972.0
350.0,1,2300000,1.0,1.0,11291.5,1,0,1,1,0,12942544.0
750.0,2,5000000,2.0,1.0,6667.0,1,0,0,1,0,8895972.0
720.0,2,4700000,2.0,1.0,6528.0,1,0,0,1,0,8895972.0
800.0,2,5500000,2.0,1.0,6875.0,1,0,0,1,0,8895972.0
350.0,1,2000000,1.0,1.0,5714.0,1,0,0,1,0,8895972.0
980.0,3,7300000,2.0,1.0,7449.0,1,0,0,1,0,8895972.0
1600.0,4,13000000,3.0,1.0,8125.0,1,0,0,1,0,8895972.0
1450.0,3,11500000,3.0,1.0,7931.0,1,0,0,1,0,8895972.0
445.0,2,2800000,2.0,1.0,7931.0,1,0,0,1,0,8895972.0
380.0,1,2200000,1.0,1.0,5789.0,1,0,0,1,0,8895972.0
680.0,2,4400000,2.0,1.0,6471.0,1,0,0,1,0,8895972.0
1600.0,3,13500000,3.0,1.0,8438.0,1,0,0,1,0,8895972.0
630.0,2,4100000,2.0,1.0,6508.0,1,0,0,1,0,8895972.0
1500.0,3,12000000,2.0,1.0,8000.0,1,0,0,1,0,8895972.0
550.0,2,3500000,2.0,1.0,6364.0,1,0,0,1,0,8895972.0
2500.0,4,15000000,3.0,1.0,6000.0,1,0,0,1,0,8895972.0
2800.0,5,17500000,4.0,1.0,6250.0,1,0,0,1,0,8895972.0
300.0,1,1900000,1.0,1.0,6333.0,1,0,0,1,0,8895972.0
800.0,3,5500000,2.0,1.0,6875.0,1,0,0,1,0,8895972.0
1295.0,3,10000000,2.0,1.0,6875.0,1,0,0,1,0,8895972.0
700.0,3,4700000,2.0,1.0,6714.0,1,0,0,1,0,8895972.0
350.0,1,2400000,1.0,1.0,6714.0,1,0,1,1,0,8895972.0
450.0,2,3800000,2.0,1.0,6714.0,1,0,1,1,0,8895972.0
2200.0,4,23000000,4.0,1.0,6714.0,1,0,1,1,0,8895972.0
2300.0,4,24500000,4.0,1.0,6714.0,1,0,1,1,0,8895972.0
1150.0,3,10000000,2.0,1.0,6714.0,1,0,1,1,0,8895972.0
800.0,3,5500000,2.0,1.0,6714.0,1,0,1,1,0,8895972.0
850.0,3,7000000,2.0,1.0,6714.0,1,0,1,1,0,8895972.0
720.0,3,6500000,2.0,1.0,6714.0,1,0,1,1,0,8895972.0
4688.0,5,135000000,4.0,1.0,28797.0,0,0,0,0,1,35876389.0
750.0,2,5000000,2.0,1.0,6667.0,1,0,0,1,0,8895972.0
3901.0,4,93000000,4.0,1.0,23840.0,0,0,0,0,1,35876389.0
950.0,3,4370000,2.0,1.0,4600.0,1,0,0,0,0,3472692.0
1000.0,3,4620000,2.0,1.0,4620.0,1,0,0,0,1,12942544.0
850.0,2,1900000,1.0,1.0,2235.0,1,0,0,1,0,12942544.0
2400.0,4,70000000,4.0,1.0,2235.0,1,0,0,1,0,52061905.0
1350.0,3,5130000,2.0,1.0,3800.0,1,0,0,0,1,12942544.0
540.0,2,3000000,2.0,1.0,5000.0,1,0,0,1,0,12942544.0
1387.0,4,5890000,4.0,1.0,4247.0,1,0,0,0,1,12942544.0
540.0,2,3300000,2.0,1.0,6111.0,1,0,0,1,0,3472692.0
976.0,2,24900000,2.0,1.0,25512.0,1,0,0,0,0,20601471.0
1050.0,3,3700000,2.0,1.0,3524.0,1,0,0,0,1,12942544.0
2700.0,4,60000000,3.0,1.0,22222.0,1,0,1,1,0,52061905.0
1500.0,3,17400000,2.0,1.0,22222.0,1,1,0,0,1,12942544.0
2900.0,5,51000000,5.0,1.0,22222.0,0,0,1,0,0,12942544.0
5025.0,5,170000000,6.0,4.0,22222.0,0,0,1,0,1,52061905.0
1000.0,3,5510000,2.0,1.0,22222.0,0,0,1,1,0,3472692.0
1135.0,3,25000000,3.0,2.0,22222.0,0,1,0,0,0,21173125.0
2306.0,3,57000000,3.0,1.0,24718.0,0,0,0,0,1,35876389.0
850.0,2,2940000,2.0,1.0,24718.0,0,0,0,1,0,12942544.0
1200.0,3,15500000,3.0,1.0,24718.0,1,1,0,1,0,12942544.0
1700.0,3,17200000,2.0,1.0,24718.0,1,1,0,1,0,12942544.0
1800.0,4,55000000,3.0,2.0,30556.0,1,1,1,1,0,12942544.0
1100.0,2,15000000,2.0,1.0,30556.0,1,1,0,1,0,20433333.0
22050.0,4,51000000,4.0,2.0,30556.0,0,0,1,1,0,52061905.0
1550.0,4,13000000,3.0,1.0,30556.0,1,0,1,1,0,8895972.0
1600.0,3,30000000,3.0,1.0,18750.0,1,0,1,1,0,52061905.0
700.0,2,2400000,2.0,1.0,18750.0,1,0,1,1,0,12942544.0
45.0,4,5500000,3.0,1.0,18750.0,1,0,1,0,1,20601471.0
3510.0,4,45000000,4.0,2.0,11291.5,1,1,1,1,0,72709677.0
4500.0,4,60000000,4.0,2.0,120000.0,1,0,1,1,0,72709677.0
1800.0,4,65000000,4.0,2.0,120000.0,1,0,1,1,0,72709677.0
6000.0,5,220000000,5.0,9.0,120000.0,1,0,1,1,0,72709677.0
4300.0,4,60000000,4.0,2.0,120000.0,1,1,1,0,1,72709677.0
1700.0,3,38500000,3.0,2.0,120000.0,1,0,1,1,0,72709677.0
2500.0,3,50000000,3.0,2.0,120000.0,1,1,0,1,0,72709677.0
4500.0,4,75000000,4.0,2.0,120000.0,1,0,1,1,0,72709677.0
2450.0,4,70000000,4.0,2.0,120000.0,1,0,1,0,0,72709677.0
10350.0,4,160000000,7.0,3.0,15459.0,1,0,0,1,0,72709677.0
4800.0,3,85000000,4.0,1.0,15459.0,1,1,1,1,0,72709677.0
1600.0,3,40000000,3.0,2.0,15459.0,1,1,0,1,0,72709677.0
3500.0,4,90000000,4.0,2.0,15459.0,1,1,1,0,1,72709677.0
2100.0,4,56000000,5.0,2.0,15459.0,1,0,1,1,0,72709677.0
4200.0,5,135500000,5.0,2.0,15459.0,1,0,1,1,0,72709677.0
1500.0,3,60000000,3.0,2.0,15459.0,1,0,1,1,0,72709677.0
8150.0,4,170000000,5.0,4.0,15459.0,1,0,1,0,1,72709677.0
2200.0,4,50000000,4.0,2.0,15459.0,1,1,1,1,0,72709677.0
3500.0,4,58000000,5.0,2.0,15459.0,1,0,1,1,0,72709677.0
2070.0,3,37500000,3.0,2.0,15459.0,1,0,1,1,0,72709677.0
3500.0,3,45000000,3.0,1.0,15459.0,1,1,1,0,1,72709677.0
2000.0,4,70000000,4.0,3.0,15459.0,1,0,1,1,0,72709677.0
2800.0,6,29500000,4.0,2.0,15459.0,1,1,0,1,0,72709677.0
2550.0,4,60000000,4.0,1.0,23529.0,1,1,1,0,1,72709677.0
4500.0,4,70000000,4.0,2.0,23529.0,1,1,1,1,0,72709677.0
1400.0,3,50000000,3.0,2.0,23529.0,1,0,1,1,0,72709677.0
2800.0,4,75000000,5.0,2.0,23529.0,1,0,1,1,0,72709677.0
2700.0,4,52500000,4.0,2.0,23529.0,1,0,1,1,0,72709677.0
4500.0,4,55000000,4.0,2.0,23529.0,1,1,1,1,0,72709677.0
7200.0,4,120000000,4.0,2.0,16667.0,1,1,1,1,0,72709677.0
2799.0,4,65000000,4.0,1.0,11291.5,1,0,1,1,0,52061905.0
2650.0,4,75000000,4.0,2.0,11291.5,1,0,1,0,1,52061905.0
2200.0,4,47500000,4.0,2.0,11291.5,1,0,1,1,0,52061905.0
3500.0,5,70000000,5.0,1.0,20000.0,1,0,1,1,0,52061905.0
2200.0,4,47500000,4.0,2.0,20000.0,1,0,1,1,0,52061905.0
2200.0,4,40000000,4.0,1.0,20000.0,1,0,1,1,0,52061905.0
3500.0,4,85000000,4.0,3.0,20000.0,1,0,1,1,0,52061905.0
1440.0,3,26000000,3.0,3.0,20000.0,1,0,1,1,0,52061905.0
3150.0,4,35000000,4.0,3.0,11111.0,1,1,1,1,0,52061905.0
900.0,2,20000000,2.0,3.0,11111.0,1,1,1,1,0,52061905.0
3690.0,4,79000000,5.0,3.0,21409.0,0,0,1,1,0,52061905.0
1200.0,3,17000000,2.0,3.0,21409.0,1,1,1,1,0,52061905.0
4500.0,4,47500000,4.0,2.0,95000.0,1,1,1,1,0,52061905.0
2799.0,4,43000000,4.0,2.0,15363.0,1,0,1,1,0,52061905.0
1350.0,3,26000000,3.0,1.0,19259.0,1,0,1,0,1,52061905.0
1200.0,3,25000000,3.0,1.0,20833.0,1,0,1,0,1,52061905.0
2177.0,4,51000000,5.0,2.0,20833.0,1,0,1,1,0,52061905.0
1500.0,3,40000000,3.0,2.0,20833.0,1,0,1,1,0,52061905.0
1600.0,3,22500000,3.0,1.0,20833.0,1,1,1,0,1,52061905.0
4500.0,4,70000000,4.0,1.0,20833.0,1,0,1,1,0,52061905.0
2150.0,4,45000000,4.0,2.0,20930.0,1,0,1,0,1,52061905.0
2107.0,4,51100000,4.0,2.0,20930.0,1,0,0,1,0,52061905.0
1150.0,3,25500000,3.0,1.0,20930.0,1,0,1,1,0,52061905.0
1240.0,3,26500000,3.0,2.0,20930.0,1,0,1,0,1,52061905.0
1000.0,2,15000000,2.0,1.0,20930.0,1,1,1,0,1,52061905.0
4500.0,4,55000000,4.0,2.0,20930.0,1,1,1,1,0,52061905.0
1150.0,3,26000000,3.0,2.0,20930.0,1,0,1,1,0,52061905.0
2000.0,4,38000000,4.0,2.0,20930.0,1,1,1,1,0,52061905.0
4500.0,4,72500000,5.0,2.0,20930.0,1,1,1,1,0,52061905.0
3000.0,4,65000000,5.0,4.0,20930.0,1,0,1,1,0,52061905.0
700.0,2,4600000,2.0,1.0,11291.5,1,0,1,0,1,11036267.0
750.0,2,9200000,2.0,1.0,11291.5,1,1,1,1,0,11036267.0
1350.0,4,9500000,3.0,2.0,11291.5,1,1,0,0,1,11036267.0
900.0,2,4500000,2.0,1.0,11291.5,1,1,1,1,0,11036267.0
970.0,3,6500000,2.0,1.0,11291.5,1,1,1,1,0,11036267.0
1000.0,3,5650000,2.0,1.0,11291.5,1,1,1,0,0,11036267.0
1425.0,3,9300000,3.0,1.0,6526.0,1,1,1,1,0,11036267.0
440.0,2,2700000,2.0,1.0,6526.0,1,1,0,0,1,11036267.0
1017.0,2,6500000,2.0,1.0,6526.0,1,0,1,0,0,11036267.0
650.0,2,5800000,2.0,1.0,6526.0,1,1,0,1,0,11036267.0
950.0,3,5500000,2.0,1.0,6526.0,1,1,0,1,0,11036267.0
810.0,3,6000000,2.0,1.0,6526.0,1,1,1,1,0,11036267.0
750.0,2,4500000,2.0,1.0,6526.0,1,1,1,0,1,11036267.0
990.0,2,4100000,2.0,2.0,6526.0,1,1,1,1,0,11036267.0
800.0,3,3800000,2.0,2.0,6526.0,1,1,1,1,0,11036267.0
675.0,2,3300000,1.0,1.0,6526.0,1,1,0,0,1,11036267.0
558.0,2,2900000,1.0,1.0,6526.0,1,0,1,0,1,11036267.0
445.0,2,2000000,1.0,1.0,6526.0,1,1,1,0,1,11036267.0
360.0,2,1550000,1.0,1.0,6526.0,1,0,1,0,1,11036267.0
1350.0,4,11300000,3.0,1.0,6526.0,1,0,1,1,0,11036267.0
850.0,3,4500000,2.0,1.0,6526.0,1,1,1,1,0,11036267.0
846.0,2,3300000,1.0,1.0,3901.0,1,0,0,0,1,11036267.0
1300.0,4,11500000,3.0,1.0,3901.0,1,0,1,0,0,11036267.0
900.0,3,6000000,2.0,1.0,3901.0,0,0,1,1,0,11036267.0
1050.0,3,9000000,2.0,1.0,3901.0,1,1,0,1,0,11036267.0
850.0,2,4500000,2.0,1.0,3901.0,1,1,1,0,0,11036267.0
1650.0,4,14000000,3.0,1.0,3901.0,0,0,0,0,0,11036267.0
1150.0,2,7300000,2.0,1.0,6347.0,1,1,0,1,0,11036267.0
495.1394,1,1900000,1.0,1.0,41304.0,1,1,1,0,0,11036267.0
1053.0,3,7000000,2.0,4.0,41304.0,1,1,1,0,0,11036267.0
810.0,3,6000000,2.0,1.0,11291.5,1,1,1,1,0,11036267.0
750.0,1,6400000,2.0,1.0,11291.5,1,1,1,1,0,11036267.0
540.0,2,2700000,1.0,1.0,5000.0,1,0,0,0,0,11036267.0
747.0,2,6500000,2.0,1.0,8701.0,1,1,1,0,0,11036267.0
720.0,2,4000000,1.0,1.0,5556.0,1,1,1,0,1,11036267.0
376.7365,1,3000000,1.0,1.0,85715.0,1,0,0,1,0,11036267.0
1125.0,2,5000000,2.0,1.0,4444.0,1,1,1,0,1,11036267.0
713.0,2,6000000,2.0,1.0,4444.0,1,0,1,1,0,11036267.0
360.0,1,2500000,1.0,1.0,6944.0,1,1,1,0,1,11036267.0
900.0,2,6500000,2.0,1.0,7222.0,1,1,0,1,0,11036267.0
713.0,3,8000000,1.0,1.0,11220.0,1,1,0,0,1,11036267.0
504.0,2,2700000,1.0,1.0,5357.0,1,1,1,0,0,11036267.0
70.0,1,4500000,2.0,1.0,5357.0,1,1,0,0,1,11036267.0
850.0,3,5700000,2.0,1.0,6706.0,1,1,1,0,0,11036267.0
2430.0,4,25000000,3.0,1.0,10288.0,1,1,1,0,0,11036267.0
2475.0,3,70000000,3.0,1.0,28283.0,1,1,1,0,0,11036267.0
2970.0,7,26500000,4.0,1.0,8923.0,1,1,1,0,0,11036267.0
2250.0,3,18500000,2.0,1.0,8222.0,1,1,1,0,0,11036267.0
1500.0,5,30000000,3.0,1.0,20000.0,1,1,1,0,0,11036267.0
1512.0,2,22000000,2.0,1.0,14550.0,1,1,1,0,0,11036267.0
400.0,2,9000000,2.0,1.0,14550.0,1,1,1,0,0,12942544.0
2160.0,3,65000000,3.0,1.0,30093.0,1,1,1,0,0,11036267.0
630.0,3,22500000,2.0,1.0,35714.0,1,1,1,0,0,11036267.0
324.0,6,8700000,3.0,1.0,35714.0,1,1,1,0,0,11036267.0
720.0,6,22000000,5.0,1.0,35714.0,1,1,1,0,0,11036267.0
675.0,4,18500000,2.0,2.0,35714.0,1,1,1,0,0,11036267.0
700.0,2,16000000,1.0,2.0,22857.0,1,0,1,0,0,11036267.0
675.0,4,16000000,3.0,2.0,22857.0,1,1,1,0,0,11036267.0
720.0,4,9000000,2.0,2.0,12500.0,1,1,1,0,0,11036267.0
850.0,2,4500000,2.0,1.0,12500.0,1,1,1,0,0,11036267.0
801.0,3,6000000,2.0,1.0,11291.5,1,0,1,1,0,5966176.0
450.0,1,2700000,2.0,1.0,11291.5,1,1,1,0,1,5966176.0
1000.0,3,6500000,2.0,1.0,11291.5,1,1,0,0,1,5966176.0
990.0,3,4000000,2.0,1.0,4040.0,1,1,0,0,1,5966176.0
420.0,2,2600000,1.0,1.0,4040.0,1,0,1,1,0,5966176.0
450.0,2,3500000,1.0,1.0,7778.0,1,1,1,1,0,5966176.0
1000.0,2,7500000,2.0,1.0,7778.0,1,1,0,0,1,5966176.0
900.0,3,7000000,2.0,1.0,7778.0,1,1,1,1,0,5966176.0
800.0,3,4500000,2.0,1.0,7778.0,1,0,1,1,0,5966176.0
720.0,3,5500000,3.0,2.0,7778.0,1,1,1,1,0,5966176.0
450.0,2,2700000,1.0,2.0,7778.0,1,0,1,1,0,5966176.0
675.0,2,2400000,2.0,2.0,32000.0,1,1,1,0,0,5966176.0
1700.0,4,11500000,3.0,2.0,32000.0,1,0,1,0,1,5966176.0
550.0,2,3600000,2.0,2.0,32000.0,1,0,1,0,1,5966176.0
387.0,1,1700000,2.0,2.0,32000.0,1,0,1,0,1,5966176.0
450.0,2,2500000,1.0,2.0,32000.0,1,1,0,0,1,5966176.0
900.0,4,6600000,2.0,1.0,32000.0,1,1,1,0,0,5966176.0
500.0,2,3700000,1.0,1.0,32000.0,1,1,1,1,0,5966176.0
441.0,2,3500000,1.0,1.0,32000.0,1,1,0,0,1,5966176.0
800.0,3,5400000,2.0,1.0,32000.0,1,1,1,1,0,5966176.0
450.0,2,2550000,2.0,1.0,5666.0,1,0,1,1,0,5966176.0
1000.0,3,12500000,3.0,1.0,5666.0,1,1,1,0,0,5966176.0
715.0,2,5600000,2.0,1.0,5666.0,1,1,0,0,1,5966176.0
600.0,2,7000000,2.0,1.0,11667.0,1,1,1,0,1,5966176.0
540.0,2,3500000,1.0,1.0,11667.0,1,1,1,0,1,5966176.0
312.0,4,35000000,4.0,1.0,112179.0,1,1,0,0,0,5966176.0
810.0,3,9000000,2.0,1.0,11111.0,1,1,1,1,0,5966176.0
270.0,1,2300000,1.0,1.0,11111.0,1,1,1,1,0,5966176.0
900.0,3,6000000,2.0,1.0,11111.0,1,1,1,1,0,5966176.0
1000.0,3,6000000,2.0,1.0,11111.0,1,1,0,0,1,5966176.0
540.0,2,2650000,2.0,1.0,11291.5,1,0,1,1,0,3472692.0
950.0,3,4370000,2.0,1.0,4600.0,1,0,0,0,0,3472692.0
1000.0,3,4620000,2.0,1.0,4620.0,1,0,0,0,1,12942544.0
540.0,2,3000000,2.0,1.0,5000.0,1,0,0,1,0,12942544.0
540.0,2,3300000,2.0,1.0,6111.0,1,0,0,1,0,3472692.0
1000.0,3,5510000,2.0,1.0,6111.0,0,0,1,1,0,3472692.0
500.0,2,3200000,2.0,1.0,6111.0,1,0,1,1,0,12942544.0
540.0,2,2600000,2.0,1.0,6111.0,1,0,1,1,0,3472692.0
780.0,3,4000000,2.0,1.0,6111.0,1,0,1,1,0,3472692.0
450.0,2,1850000,1.0,1.0,6111.0,1,0,1,1,0,3472692.0
360.0,1,1700000,1.0,1.0,6111.0,1,0,1,1,0,3472692.0
900.0,3,2800000,2.0,1.0,6111.0,1,0,1,1,0,12942544.0
495.0,2,2150000,2.0,1.0,6111.0,1,0,1,1,0,3472692.0
1200.0,4,6800000,3.0,1.0,6111.0,1,0,1,1,0,12942544.0
1000.0,3,6200000,2.0,1.0,6111.0,1,0,1,1,0,3472692.0
620.0,2,3100000,2.0,1.0,6111.0,1,0,1,1,0,3472692.0
680.0,3,3400000,2.0,1.0,6111.0,1,0,1,1,0,12942544.0
805.0,2,4000000,2.0,1.0,6111.0,1,1,1,0,1,3472692.0
729.0,2,4800000,2.0,1.0,6584.0,1,1,1,1,0,12942544.0
540.0,2,2500000,2.0,1.0,6584.0,1,0,1,1,0,3472692.0
360.0,1,2000000,1.0,1.0,6584.0,1,0,1,1,0,3472692.0
550.0,2,1900000,2.0,1.0,6584.0,1,0,1,1,0,3472692.0
1001.0,3,5800000,2.0,1.0,5794.0,1,0,1,0,0,12942544.0
450.0,2,2900000,2.0,1.0,5794.0,1,1,1,0,1,12942544.0
550.0,2,2000000,1.0,1.0,5794.0,1,0,1,1,0,3472692.0
550.0,2,2600000,2.0,1.0,5794.0,1,0,1,1,0,3472692.0
675.0,2,2900000,1.0,1.0,5794.0,1,1,1,0,1,3472692.0
585.0,2,3200000,2.0,1.0,5794.0,1,1,1,0,1,3472692.0
810.0,3,5400000,2.0,1.0,5794.0,1,1,1,1,0,3472692.0
765.0,3,3800000,2.0,1.0,5794.0,1,1,1,1,0,12942544.0
4688.0,5,135000000,4.0,1.0,28797.0,0,0,0,0,1,35876389.0
3901.0,4,93000000,4.0,1.0,23840.0,0,0,0,0,1,35876389.0
70.0,2,8200000,3.0,1.0,23840.0,1,0,1,0,0,35876389.0
800.0,3,8000000,2.0,1.0,23840.0,1,1,1,0,1,35876389.0
900.0,3,9500000,2.0,1.0,23840.0,1,1,1,1,0,35876389.0
1680.0,4,20000000,5.0,1.0,23840.0,1,1,1,1,0,35876389.0
900.0,2,7400000,2.0,3.0,23840.0,1,1,1,0,0,35876389.0
2000.0,3,37500000,3.0,1.0,23840.0,1,1,0,1,0,35876389.0
2000.0,4,15000000,4.0,3.0,7500.0,1,1,1,1,0,35876389.0
1900.0,3,55300000,3.0,1.0,7500.0,0,0,0,1,0,35876389.0
1530.0,3,26500000,3.0,2.0,7500.0,1,1,1,1,0,35876389.0
100.0,3,16000000,2.0,2.0,160000.0,1,1,0,1,0,35876389.0
900.0,3,10400000,2.0,2.0,11556.0,1,1,1,0,0,35876389.0
270.0,1,1700000,1.0,2.0,11556.0,1,1,1,0,1,35876389.0
950.0,2,8000000,2.0,2.0,8421.0,1,1,1,1,0,35876389.0
1800.0,3,27000000,3.0,2.0,8421.0,1,1,1,1,0,35876389.0
1500.0,3,19500000,3.0,2.0,8421.0,1,1,1,1,0,35876389.0
1800.0,3,50000000,3.0,3.0,27778.0,1,1,0,0,0,35876389.0
1800.0,3,21100000,3.0,3.0,11722.0,1,1,1,0,1,35876389.0
2306.0,3,57000000,3.0,1.0,24718.0,0,0,0,0,1,35876389.0
850.0,2,5900000,3.0,1.0,24718.0,1,1,1,1,0,35876389.0
140.0,3,12000000,2.0,1.0,85714.0,1,0,1,0,1,35876389.0
900.0,3,12000000,2.0,1.0,13333.0,1,1,1,0,1,35876389.0
1800.0,3,24000000,3.0,1.0,13333.0,1,1,0,0,1,35876389.0
200.0,1,7000000,1.0,1.0,13333.0,1,1,0,1,0,35876389.0
1782.0,3,15000000,3.0,1.0,8418.0,1,1,0,1,0,35876389.0
900.0,2,1500000,2.0,1.0,1667.0,1,1,1,0,0,35876389.0
405.0,2,3950000,1.0,1.0,1667.0,1,1,0,1,0,35876389.0
1500.0,3,12500000,3.0,1.0,8333.0,1,1,1,0,1,35876389.0
66.0,3,1600000,1.0,1.0,24242.0,1,0,0,0,1,35876389.0
2000.0,4,36500000,4.0,2.0,11291.5,1,1,0,0,1,20433333.0
1200.0,3,20000000,2.0,1.0,11291.5,1,1,0,1,0,20433333.0
1100.0,2,15000000,2.0,1.0,11291.5,1,1,0,1,0,20433333.0
1400.0,3,25000000,2.0,2.0,11291.5,1,0,0,1,0,20433333.0
1600.0,3,18500000,2.0,2.0,11291.5,1,1,0,1,0,20433333.0
1600.0,4,23500000,3.0,2.0,11291.5,1,1,0,0,1,20433333.0
600.0,1,8000000,1.0,1.0,11291.5,1,0,0,1,0,20433333.0
1600.0,3,23000000,2.0,1.0,11291.5,1,1,0,0,1,20433333.0
2000.0,3,31000000,3.0,1.0,15500.0,1,1,0,0,1,20433333.0
650.0,1,7400000,2.0,1.0,15500.0,1,1,0,1,0,20433333.0
1100.0,2,15500000,2.0,1.0,15500.0,1,1,0,0,1,20433333.0
1075.0,2,12000000,2.0,2.0,15500.0,1,0,0,1,0,20433333.0
1450.0,3,23500000,2.0,2.0,15500.0,1,1,0,1,0,20433333.0
1200.0,3,25000000,2.0,2.0,20833.0,1,1,0,1,0,20433333.0
600.0,1,7000000,2.0,2.0,20833.0,1,0,0,0,1,20433333.0
1000.0,2,17500000,2.0,1.0,20833.0,1,1,0,0,1,20433333.0
1600.0,3,25000000,2.0,1.0,20833.0,1,1,0,1,0,20433333.0
1750.0,4,29000000,4.0,1.0,20833.0,1,0,0,0,1,20433333.0
1300.0,3,21900000,3.0,1.0,20833.0,1,1,0,1,0,20433333.0
550.0,1,7500000,2.0,1.0,20833.0,1,1,0,0,0,20433333.0
2200.0,4,23500000,3.0,2.0,10681.0,1,1,0,1,0,20433333.0
1100.0,2,24000000,2.0,2.0,21818.0,1,1,0,1,0,20433333.0
1700.0,3,31000000,2.0,2.0,21818.0,1,1,1,1,0,20433333.0
1100.0,2,16500000,2.0,3.0,21818.0,1,1,0,1,0,20433333.0
1000.0,2,5000000,2.0,1.0,21818.0,1,1,1,0,0,20433333.0
1350.0,3,24000000,2.0,1.0,21818.0,1,0,0,0,0,20433333.0
1184.0,2,17000000,2.0,1.0,14358.0,1,1,0,1,0,20433333.0
2000.0,4,40000000,2.0,1.0,14358.0,1,0,0,0,0,20433333.0
3500.0,4,22500000,4.0,5.0,14358.0,1,0,1,1,0,20433333.0
900.0,3,20000000,3.0,2.0,14358.0,1,1,1,0,0,20433333.0
4688.0,5,135000000,4.0,1.0,28797.0,0,0,0,0,1,35876389.0
750.0,2,5000000,2.0,1.0,6667.0,1,0,0,1,0,8895972.0
3901.0,4,93000000,4.0,1.0,23840.0,0,0,0,0,1,35876389.0
950.0,3,4370000,2.0,1.0,4600.0,1,0,0,0,0,3472692.0
1000.0,3,4620000,2.0,1.0,4620.0,1,0,0,0,1,12942544.0
850.0,2,1900000,1.0,1.0,2235.0,1,0,0,1,0,12942544.0
2400.0,4,70000000,4.0,1.0,2235.0,1,0,0,1,0,52061905.0
1350.0,3,5130000,2.0,1.0,3800.0,1,0,0,0,1,12942544.0
540.0,2,3000000,2.0,1.0,5000.0,1,0,0,1,0,12942544.0
1387.0,4,5890000,4.0,1.0,4247.0,1,0,0,0,1,12942544.0
540.0,2,3300000,2.0,1.0,6111.0,1,0,0,1,0,3472692.0
976.0,2,24900000,2.0,1.0,25512.0,1,0,0,0,0,20601471.0
1050.0,3,3700000,2.0,1.0,3524.0,1,0,0,0,1,12942544.0
2700.0,4,60000000,3.0,1.0,22222.0,1,0,1,1,0,52061905.0
1500.0,3,17400000,2.0,1.0,22222.0,1,1,0,0,1,12942544.0
2900.0,5,51000000,5.0,1.0,22222.0,0,0,1,0,0,12942544.0
5025.0,5,170000000,6.0,4.0,22222.0,0,0,1,0,1,52061905.0
1000.0,3,5510000,2.0,1.0,22222.0,0,0,1,1,0,3472692.0
1135.0,3,25000000,3.0,2.0,22222.0,0,1,0,0,0,21173125.0
2306.0,3,57000000,3.0,1.0,24718.0,0,0,0,0,1,35876389.0
850.0,2,2940000,2.0,1.0,24718.0,0,0,0,1,0,12942544.0
1200.0,3,15500000,3.0,1.0,24718.0,1,1,0,1,0,12942544.0
1700.0,3,17200000,2.0,1.0,24718.0,1,1,0,1,0,12942544.0
1800.0,4,55000000,3.0,2.0,30556.0,1,1,1,1,0,12942544.0
1100.0,2,15000000,2.0,1.0,30556.0,1,1,0,1,0,20433333.0
22050.0,4,51000000,4.0,2.0,30556.0,0,0,1,1,0,52061905.0
1550.0,4,13000000,3.0,1.0,30556.0,1,0,1,1,0,8895972.0
1600.0,3,30000000,3.0,1.0,18750.0,1,0,1,1,0,52061905.0
700.0,2,2400000,2.0,1.0,18750.0,1,0,1,1,0,12942544.0
45.0,4,5500000,3.0,1.0,18750.0,1,0,1,0,1,20601471.0
450.0,2,2900000,2.0,1.0,58000.0,1,1,1,1,0,11036267.0
540.0,5,17000000,2.0,1.0,58000.0,1,1,1,1,0,11036267.0
1350.0,3,25000000,3.0,1.0,18519.0,1,1,1,1,0,11036267.0
2250.0,3,10000000,2.0,1.0,4444.0,1,1,1,1,0,11036267.0
1250.0,2,7500000,1.0,1.0,4444.0,1,1,0,1,0,11036267.0
504.0,3,3600000,1.0,1.0,7143.0,1,1,0,1,0,11036267.0
65.0,3,35000000,2.0,1.0,7143.0,1,0,0,1,0,11036267.0
450.0,2,6000000,1.0,1.0,13333.0,1,1,0,0,1,11036267.0
1800.0,4,17500000,2.0,1.0,9722.0,1,1,1,0,0,11036267.0
1800.0,4,35000000,3.0,1.0,19444.0,1,1,1,0,0,11036267.0
1530.0,5,10200000,2.0,1.0,6667.0,1,1,1,0,0,11036267.0
1750.0,4,29000000,4.0,1.0,6667.0,1,0,0,0,1,20433333.0
2210.0,4,41000000,3.0,1.0,6667.0,1,1,1,1,0,20601471.0
760.0,3,6000000,2.0,1.0,6667.0,1,1,1,0,0,12942544.0
400.0,2,2500000,1.0,1.0,6667.0,1,0,0,0,0,12942544.0
380.0,1,2200000,1.0,1.0,6667.0,1,1,1,0,1,12942544.0
904.1676,2,21500000,2.0,1.0,6667.0,1,0,0,0,0,12942544.0
900.0,4,15000000,1.0,1.0,6667.0,1,1,0,0,0,11036267.0
810.0,5,28900000,6.0,1.0,6667.0,1,1,0,0,0,12942544.0
100.0,3,5500000,2.0,1.0,6667.0,1,1,1,0,1,12942544.0
50.0,2,1950000,1.0,1.0,6667.0,1,0,0,1,0,11036267.0
58.0,2,3800000,1.0,1.0,6667.0,1,1,0,0,1,12942544.0
900.0,2,6200000,1.0,1.0,6667.0,1,0,1,1,0,12942544.0
1650.0,4,14000000,3.0,1.0,6667.0,0,0,0,0,0,11036267.0
1000.0,2,7500000,2.0,1.0,6667.0,1,1,0,0,1,5966176.0
852.0,2,2670000,2.0,1.0,6667.0,1,1,0,0,1,11036267.0
700.0,2,2500000,2.0,1.0,6667.0,1,1,0,1,0,11036267.0
990.0,3,4000000,2.0,1.0,4040.0,1,1,0,0,1,5966176.0
450.0,2,3500000,1.0,1.0,7778.0,1,1,1,1,0,5966176.0
1000.0,2,5000000,2.0,1.0,5000.0,1,0,0,0,1,5966176.0
1700.0,4,29500000,3.0,2.0,21071.0,1,1,1,1,0,34876667.0
1350.0,3,19000000,2.0,1.0,14074.0,1,1,1,0,1,34876667.0
2100.0,4,25500000,3.0,1.0,14074.0,1,1,0,0,0,34876667.0
2600.0,4,75000000,4.0,3.0,28846.0,1,0,1,1,0,34876667.0
3000.0,4,75000000,5.0,4.0,28846.0,1,0,1,1,0,34876667.0
1450.0,3,34000000,3.0,1.0,28846.0,0,0,1,1,0,34876667.0
2050.0,4,47500000,4.0,1.0,28846.0,1,0,1,1,0,34876667.0
3000.0,4,75000000,5.0,3.0,28846.0,1,0,1,1,0,34876667.0
1800.0,3,23000000,3.0,2.0,28846.0,1,1,0,1,0,34876667.0
900.0,3,24000000,2.0,1.0,28846.0,1,1,0,1,0,34876667.0
1500.0,3,21500000,2.0,2.0,28846.0,1,1,0,1,0,34876667.0
1500.0,3,28500000,2.0,1.0,28846.0,1,0,1,1,0,34876667.0
1800.0,4,12500000,4.0,1.0,6944.0,1,1,1,1,0,34876667.0
1674.0,3,45000000,3.0,1.0,6944.0,1,1,1,0,1,34876667.0
2025.0,4,30500000,3.0,2.0,6944.0,1,1,1,0,0,34876667.0
1300.0,3,22500000,3.0,3.0,6944.0,1,1,1,1,0,34876667.0
990.0,3,28000000,3.0,1.0,6944.0,1,1,0,0,0,34876667.0
2100.0,3,25000000,4.0,2.0,14705.0,1,1,1,1,0,34876667.0
2250.0,4,33700000,4.0,2.0,14705.0,1,1,1,1,0,34876667.0
1500.0,3,27000000,3.0,1.0,18000.0,1,1,1,1,0,34876667.0
2700.0,4,43500000,4.0,2.0,18000.0,1,0,1,1,0,34876667.0
1700.0,3,29000000,3.0,2.0,18000.0,1,0,1,1,0,34876667.0
1700.0,3,30000000,3.0,2.0,17647.0,1,1,1,1,0,34876667.0
2050.0,4,52100000,4.0,2.0,17647.0,1,0,0,1,0,34876667.0
1800.0,3,32500000,3.0,1.0,18055.0,1,0,1,0,1,34876667.0
1500.0,3,20500000,2.0,1.0,18055.0,1,1,0,1,0,34876667.0
2000.0,4,25000000,3.0,1.0,12500.0,1,1,0,1,0,34876667.0
1500.0,3,30000000,3.0,2.0,12500.0,1,1,1,1,0,34876667.0
24300.0,4,51000000,5.0,2.0,12500.0,1,1,1,1,0,34876667.0
2475.0,4,31000000,4.0,1.0,12500.0,1,1,1,1,0,34876667.0
1800.0,3,37500000,3.0,1.0,11291.5,1,0,1,1,0,42983333.0
1300.0,3,32500000,3.0,1.0,11291.5,1,0,1,1,0,42983333.0
1500.0,3,37500000,3.0,4.0,25000.0,1,0,1,1,0,42983333.0
2100.0,4,55000000,4.0,3.0,25000.0,1,0,1,1,0,42983333.0
1800.0,4,87500000,4.0,2.0,25000.0,1,0,1,1,0,42983333.0
1100.0,2,16300000,2.0,1.0,14818.0,1,1,0,0,1,42983333.0
2035.0,4,65000000,4.0,2.0,14818.0,1,0,1,0,1,42983333.0
1100.0,3,25000000,3.0,1.0,14818.0,1,1,1,0,1,42983333.0
1550.0,3,38000000,3.0,1.0,14818.0,1,0,1,1,0,42983333.0
700.0,2,15000000,2.0,1.0,14818.0,1,1,1,0,1,42983333.0
150.0,2,2000000,1.0,1.0,14818.0,1,1,0,1,0,42983333.0
540.0,1,3000000,1.0,1.0,14818.0,1,1,1,0,1,42983333.0
810.0,2,8500000,2.0,1.0,14818.0,1,1,1,1,0,42983333.0
3250.0,4,55000000,4.0,1.0,14818.0,1,1,1,1,0,42983333.0
1600.0,3,22500000,3.0,2.0,14818.0,1,1,1,1,0,42983333.0
4000.0,4,72500000,4.0,1.0,14818.0,1,1,1,1,0,42983333.0
5500.0,6,160000000,7.0,1.0,14818.0,1,1,0,0,0,42983333.0
900.0,3,12500000,3.0,1.0,14818.0,1,0,1,1,0,42983333.0
972.0,2,17000000,2.0,1.0,14818.0,1,1,0,1,0,42983333.0
4150.0,4,82500000,4.0,3.0,14818.0,1,0,1,0,1,42983333.0
2250.0,4,55000000,5.0,2.0,14818.0,1,0,1,1,0,42983333.0
1650.0,3,35000000,3.0,1.0,14818.0,1,0,1,1,0,42983333.0
2610.0,4,42500000,4.0,2.0,14818.0,1,1,1,1,0,42983333.0
600.0,2,4700000,2.0,1.0,14818.0,1,1,1,1,0,42983333.0
1700.0,4,52500000,5.0,2.0,14818.0,1,1,1,0,1,42983333.0
2250.0,4,80000000,4.0,3.0,14818.0,1,0,1,1,0,42983333.0
880.0,3,11000000,2.0,1.0,14818.0,1,1,1,0,1,42983333.0
4200.0,4,74000000,5.0,3.0,14818.0,1,0,1,1,0,42983333.0
1450.0,3,37500000,3.0,1.0,14818.0,1,1,1,1,0,42983333.0
2200.0,4,52500000,4.0,3.0,23863.0,1,0,1,1,0,42983333.0
1620.0,3,26000000,3.0,1.0,11291.5,1,0,1,1,0,15759000.0
1078.0,3,15500000,2.0,1.0,11291.5,1,0,1,0,1,15759000.0
1710.0,3,22000000,3.0,1.0,11291.5,1,1,1,0,1,15759000.0
1150.0,3,21000000,3.0,1.0,11291.5,1,1,1,1,0,15759000.0
450.0,2,5000000,2.0,1.0,11291.5,1,1,1,1,0,15759000.0
1818.0,3,22000000,3.0,1.0,11291.5,1,1,1,0,1,15759000.0
1800.0,3,26500000,2.0,1.0,14722.0,1,1,1,0,1,15759000.0
780.0,2,8770000,2.0,1.0,14722.0,1,1,1,0,1,15759000.0
405.0,1,4500000,1.0,1.0,14722.0,1,1,0,1,0,15759000.0
900.0,2,8500000,3.0,1.0,14722.0,1,1,0,1,0,15759000.0
807.2925,2,8600000,2.0,1.0,14722.0,1,1,0,0,1,15759000.0
2700.0,4,42500000,3.0,1.0,14722.0,1,1,1,1,0,15759000.0
1100.0,3,13100000,2.0,2.0,14722.0,1,1,0,1,0,15759000.0
585.0,2,7000000,2.0,2.0,14722.0,1,1,0,0,1,15759000.0
2152.78,3,30000000,3.0,2.0,14722.0,1,0,1,0,0,15759000.0
960.0,2,13000000,2.0,2.0,14722.0,1,1,0,1,0,15759000.0
1800.0,4,23100000,3.0,2.0,14722.0,1,1,1,0,1,15759000.0
1100.0,3,16000000,2.0,1.0,14722.0,1,1,0,1,0,15759000.0
900.0,2,12500000,2.0,1.0,13889.0,1,1,1,0,1,15759000.0
1620.0,3,24500000,3.0,1.0,13889.0,1,0,1,0,0,15759000.0
378.0,1,3200000,1.0,1.0,13889.0,1,1,0,0,1,15759000.0
800.0,3,6300000,2.0,1.0,7875.0,1,1,0,0,1,15759000.0
1350.0,3,15000000,3.0,1.0,11111.0,1,1,1,1,0,15759000.0
850.0,3,5700000,3.0,1.0,11111.0,1,1,0,0,1,15759000.0
1580.0,3,21000000,2.0,1.0,11111.0,1,1,0,0,0,15759000.0
820.0,2,7500000,3.0,1.0,11111.0,1,1,0,0,1,15759000.0
594.0,2,6500000,1.0,1.0,10943.0,1,1,0,1,0,15759000.0
14220.0,3,27500000,3.0,1.0,10943.0,1,0,1,1,0,15759000.0
800.0,3,12000000,2.0,1.0,10943.0,1,1,1,0,1,15759000.0
1500.0,3,18000000,2.0,2.0,10943.0,1,1,0,1,0,15759000.0
1600.0,3,15600000,3.0,1.0,11291.5,1,1,0,1,0,12942544.0
1650.0,3,15500000,3.0,1.0,11291.5,1,1,0,1,0,12942544.0
1600.0,3,15200000,3.0,1.0,11291.5,1,1,0,1,0,12942544.0
1900.0,3,25000000,3.0,1.0,11291.5,1,1,0,0,0,12942544.0
1400.0,3,15000000,2.0,1.0,11291.5,1,1,0,0,0,12942544.0
1550.0,3,15800000,2.0,1.0,11291.5,1,1,0,1,0,12942544.0
2000.0,4,31500000,3.0,1.0,11291.5,1,1,0,0,0,12942544.0
1500.0,3,14000000,3.0,1.0,11291.5,1,1,0,1,0,12942544.0
1550.0,3,13200000,2.0,1.0,11291.5,1,1,0,1,0,12942544.0
1600.0,3,15800000,2.0,1.0,11291.5,1,1,0,1,0,12942544.0
1600.0,3,16200000,3.0,1.0,11291.5,1,1,0,0,1,12942544.0
1800.0,3,15500000,2.0,1.0,11291.5,1,1,0,1,0,12942544.0
1470.0,3,14500000,2.0,1.0,11291.5,1,1,0,1,0,12942544.0
1500.0,3,14900000,2.0,1.0,11291.5,1,1,0,1,0,12942544.0
1750.0,3,17200000,3.0,1.0,11291.5,1,1,0,0,0,12942544.0
1650.0,3,18000000,3.0,1.0,11291.5,1,1,0,0,0,12942544.0
1850.0,3,15500000,2.0,1.0,11291.5,1,1,0,1,0,12942544.0
1480.0,3,15800000,2.0,1.0,11291.5,1,1,0,0,0,12942544.0
1214.0,2,12600000,2.0,1.0,11291.5,1,1,0,0,0,12942544.0
1380.0,3,15000000,2.0,1.0,11291.5,1,1,0,1,0,12942544.0
1600.0,4,19500000,2.0,1.0,11291.5,1,1,0,0,0,12942544.0
1585.0,3,16600000,3.0,1.0,11291.5,1,1,0,1,0,12942544.0
1700.0,3,17200000,3.0,1.0,11291.5,1,1,0,1,0,12942544.0
1200.0,2,13000000,2.0,1.0,11291.5,1,1,0,1,0,12942544.0
1800.0,4,16500000,3.0,1.0,11291.5,1,1,0,1,0,12942544.0
1000.0,2,10700000,2.0,1.0,10700.0,1,1,0,1,0,12942544.0
1500.0,3,16200000,2.0,1.0,10700.0,1,1,0,0,0,12942544.0
1700.0,3,16500000,2.0,1.0,10700.0,1,1,0,0,0,12942544.0
1750.0,3,14900000,2.0,1.0,10700.0,1,1,0,0,0,12942544.0
2700.0,4,27500000,3.0,1.0,10700.0,1,1,0,0,0,12942544.0
3050.0,5,62500000,6.0,1.0,20492.0,1,1,0,1,0,45646667.0
3405.0,5,70000000,5.0,3.0,20558.0,1,1,0,1,0,45646667.0
1500.0,3,35500000,3.0,3.0,20558.0,1,1,0,1,0,45646667.0
2105.0,3,42100000,3.0,3.0,20558.0,1,1,0,0,1,45646667.0
2500.0,4,42500000,5.0,3.0,17000.0,1,1,0,1,0,45646667.0
2090.0,3,44000000,4.0,2.0,21052.0,1,1,0,1,0,45646667.0
2525.0,4,43200000,5.0,3.0,21052.0,1,1,0,1,0,45646667.0
2500.0,4,52500000,4.0,2.0,21000.0,1,1,0,1,0,45646667.0
2100.0,3,34300000,4.0,2.0,16333.0,1,1,0,0,0,45646667.0
2022.0,3,38000000,3.0,2.0,18793.0,1,1,0,1,0,45646667.0
2650.0,4,52500000,5.0,2.0,19811.0,1,1,0,0,0,45646667.0
1850.0,3,37500000,3.0,2.0,20270.0,1,1,0,0,1,45646667.0
2100.0,3,37000000,3.0,2.0,17619.0,1,1,0,1,0,45646667.0
1700.0,3,40000000,4.0,2.0,17619.0,1,1,0,1,0,45646667.0
2105.0,3,36200000,3.0,2.0,17197.0,1,1,0,1,0,45646667.0
1250.0,2,29000000,3.0,1.0,17197.0,1,1,0,1,0,45646667.0
2552.0,4,42500000,5.0,3.0,16654.0,1,0,0,0,0,45646667.0
3112.0,5,60000000,6.0,3.0,19280.0,1,1,0,1,0,45646667.0
2125.0,3,36500000,3.0,2.0,17176.0,1,1,0,1,0,45646667.0
2065.0,3,42500000,4.0,2.0,20581.0,1,1,0,1,0,45646667.0
3405.0,5,71500000,4.0,3.0,20999.0,1,1,0,1,0,45646667.0
3050.0,5,65000000,5.0,3.0,21311.0,1,0,0,1,0,45646667.0
2300.0,5,58000000,6.0,3.0,21311.0,1,1,0,1,0,45646667.0
1455.0,2,27500000,2.0,2.0,18900.0,1,1,0,1,0,45646667.0
3400.0,5,70000000,5.0,3.0,20588.0,1,0,0,1,0,45646667.0
3100.0,5,65000000,5.0,3.0,20967.0,1,1,0,1,0,45646667.0
1400.0,2,28600000,3.0,3.0,20967.0,1,1,0,0,1,45646667.0
2126.0,3,39000000,3.0,2.0,18344.0,1,1,0,1,0,45646667.0
1815.0,3,32500000,3.0,2.0,17906.0,1,1,0,1,0,45646667.0
1700.0,3,34000000,3.0,2.0,17906.0,1,1,0,0,1,45646667.0
700.0,2,16500000,2.0,1.0,11291.5,1,1,0,0,1,18006897.0
980.0,2,13800000,2.0,2.0,11291.5,1,1,0,1,0,18006897.0
1350.0,3,21000000,3.0,2.0,11291.5,1,1,0,1,0,18006897.0
1800.0,3,22500000,3.0,2.0,11291.5,1,1,0,1,0,18006897.0
968.751,2,15000000,2.0,2.0,11291.5,1,1,0,1,0,18006897.0
1250.0,3,20000000,3.0,2.0,11291.5,1,0,0,1,0,18006897.0
1800.0,3,20000000,3.0,2.0,11291.5,1,0,0,0,0,18006897.0
1400.0,3,26000000,2.0,2.0,11291.5,1,1,1,1,0,18006897.0
1000.0,3,19500000,3.0,2.0,11291.5,1,1,0,1,0,18006897.0
1800.0,4,21500000,2.0,1.0,11291.5,1,1,0,1,0,18006897.0
1500.0,3,26500000,3.0,1.0,11291.5,1,0,0,0,1,18006897.0
1600.0,3,20000000,3.0,2.0,12500.0,1,1,0,1,0,18006897.0
1400.0,3,18000000,3.0,1.0,12500.0,1,1,0,0,0,18006897.0
1400.0,3,19000000,2.0,1.0,12500.0,1,1,0,0,1,18006897.0
2700.0,4,36500000,4.0,2.0,12500.0,1,1,1,0,1,52061905.0
1100.0,2,15000000,2.0,2.0,12500.0,1,1,0,0,1,18006897.0
1200.0,2,17500000,2.0,2.0,12500.0,1,1,0,1,0,18006897.0
1400.0,2,14000000,2.0,2.0,12500.0,1,1,0,1,0,18006897.0
1500.0,3,21000000,3.0,2.0,12500.0,1,1,0,1,0,18006897.0
1320.0,3,15600000,2.0,2.0,12500.0,1,1,0,0,1,18006897.0
1300.0,3,19000000,3.0,2.0,12500.0,1,1,0,0,1,18006897.0
1150.0,2,16500000,2.0,1.0,12500.0,1,1,0,0,1,18006897.0
1440.0,3,19000000,3.0,1.0,12500.0,1,1,0,0,1,18006897.0
1400.0,2,16500000,2.0,1.0,12500.0,1,1,0,0,1,18006897.0
450.0,1,3000000,1.0,1.0,12500.0,1,1,1,1,0,18006897.0
1300.0,2,15000000,2.0,1.0,11538.0,1,1,0,1,0,18006897.0
1200.0,2,14300000,2.0,1.0,11538.0,1,1,0,0,1,18006897.0
1300.0,3,18500000,2.0,1.0,11538.0,1,1,0,0,1,18006897.0
1400.0,3,19000000,3.0,1.0,11538.0,1,1,0,0,0,18006897.0
1400.0,3,19000000,3.0,1.0,11538.0,1,1,0,1,0,18006897.0
1500.0,3,13500000,2.0,1.0,11291.5,1,1,1,1,0,14507143.0
1600.0,4,15800000,2.0,2.0,11291.5,1,1,0,1,0,14507143.0
1200.0,10,17000000,4.0,2.0,11291.5,1,1,0,1,0,14507143.0
1600.0,4,15500000,2.0,1.0,11291.5,1,1,0,1,0,14507143.0
1250.0,3,16000000,2.0,2.0,11291.5,1,1,0,1,0,14507143.0
950.0,2,12900000,2.0,2.0,11291.5,1,1,0,0,0,14507143.0
1200.0,3,13500000,3.0,2.0,11291.5,1,1,0,0,0,14507143.0
1400.0,4,17800000,2.0,2.0,11291.5,1,1,0,0,0,14507143.0
950.0,2,13200000,2.0,2.0,11291.5,1,1,0,0,0,14507143.0
1350.0,3,14000000,3.0,2.0,11291.5,1,1,0,1,0,14507143.0
1550.0,4,17500000,2.0,2.0,11291.5,1,1,0,0,0,14507143.0
1300.0,3,17000000,2.0,2.0,11291.5,1,1,0,1,0,14507143.0
1000.0,2,13000000,2.0,2.0,11291.5,1,1,0,0,0,14507143.0
1500.0,3,17000000,3.0,2.0,11291.5,1,1,0,0,0,14507143.0
950.0,2,12700000,2.0,2.0,11291.5,1,1,0,0,0,14507143.0
1200.0,3,13500000,2.0,2.0,11291.5,1,1,0,0,0,14507143.0
1400.0,4,17400000,2.0,2.0,11291.5,1,1,0,0,0,14507143.0
1500.0,4,17800000,2.0,2.0,11291.5,1,1,0,0,0,14507143.0
1050.0,2,12700000,2.0,2.0,11291.5,1,1,0,0,0,14507143.0
1550.0,4,16200000,2.0,2.0,11291.5,1,1,0,0,0,14507143.0
950.0,2,11100000,2.0,2.0,11291.5,1,1,0,0,0,14507143.0
1150.0,2,13600000,2.0,2.0,11291.5,1,1,0,0,0,14507143.0
1150.0,2,13100000,2.0,2.0,11291.5,1,1,0,0,0,14507143.0
1150.0,2,12500000,2.0,2.0,11291.5,1,1,0,0,0,14507143.0
1500.0,3,13600000,2.0,2.0,11291.5,1,1,0,0,0,14507143.0
1800.0,4,12000000,4.0,2.0,6667.0,1,0,0,0,0,12942544.0
1300.0,3,20000000,3.0,1.0,15384.0,1,0,0,0,0,12942544.0
1150.0,2,13500000,2.0,1.0,15384.0,1,1,0,0,1,14507143.0
1500.0,3,14000000,2.0,1.0,15384.0,1,1,0,0,1,14507143.0
1150.0,2,10800000,2.0,2.0,15384.0,1,1,0,1,0,14507143.0
900.0,3,9000000,2.0,1.0,11291.5,1,0,1,1,0,5711111.0
1150.0,3,6300000,2.0,1.0,11291.5,1,1,1,1,0,5711111.0
1000.0,3,5500000,3.0,1.0,11291.5,1,0,0,1,0,5711111.0
450.0,1,2350000,1.0,1.0,5222.0,1,1,0,1,0,5711111.0
1350.0,3,8500000,3.0,1.0,5222.0,1,1,0,1,0,5711111.0
445.0,1,1650000,2.0,1.0,5222.0,1,1,0,1,0,5711111.0
1200.0,2,10000000,2.0,1.0,8333.0,1,1,0,1,0,5711111.0
50.0,1,1500000,1.0,1.0,8333.0,1,1,1,0,1,12942544.0
1100.0,2,2800000,2.0,1.0,8333.0,1,1,1,1,0,5711111.0
700.0,2,2600000,2.0,1.0,3714.0,1,1,1,1,0,5711111.0
500.0,1,2350000,1.0,1.0,3714.0,1,1,1,0,0,5711111.0
540.0,1,2350000,1.0,1.0,3714.0,1,1,0,0,1,5711111.0
450.0,1,2000000,1.0,1.0,3714.0,1,0,1,0,1,5711111.0
800.0,2,5000000,2.0,1.0,3714.0,0,1,1,1,0,5711111.0
700.0,2,3500000,2.0,1.0,3714.0,1,1,1,1,0,5711111.0
750.0,2,4500000,2.0,1.0,3714.0,0,1,1,1,0,5711111.0
750.0,2,4000000,2.0,1.0,3714.0,1,1,1,0,1,5711111.0
1600.0,3,10800000,3.0,1.0,3714.0,1,1,1,0,1,5711111.0
1000.0,3,10000000,2.0,1.0,3714.0,1,0,1,0,1,5711111.0
1600.0,3,10800000,3.0,1.0,3714.0,1,1,1,0,1,5711111.0
900.0,3,9000000,2.0,1.0,3714.0,1,1,1,1,0,5711111.0
1700.0,3,8500000,3.0,1.0,3714.0,1,0,0,1,0,5711111.0
1100.0,3,6000000,2.0,1.0,3714.0,1,1,1,1,0,5711111.0
1000.0,3,5500000,3.0,1.0,3714.0,1,0,0,1,0,5711111.0
1000.0,3,7000000,2.0,1.0,7000.0,1,0,1,1,0,5711111.0
1100.0,3,6000000,2.0,1.0,5455.0,1,1,0,0,0,5711111.0
765.0,3,3700000,2.0,1.0,4837.0,1,1,1,0,1,5711111.0
900.0,2,3100000,2.0,1.0,3444.0,1,1,1,1,0,12942544.0
600.0,2,4500000,2.0,1.0,3444.0,1,1,0,0,1,5711111.0
360.0,1,1500000,1.0,1.0,4167.0,1,1,1,1,0,12942544.0
950.0,3,7090000,2.0,1.0,11291.5,0,0,1,1,0,8783000.0
3600.0,2,4500000,2.0,1.0,11291.5,1,0,1,1,0,8783000.0
1305.0,4,5500000,3.0,1.0,11291.5,0,0,1,0,1,8783000.0
1800.0,3,63000000,4.0,2.0,11291.5,0,0,0,1,0,8783000.0
950.0,3,6990000,2.0,2.0,11291.5,0,0,1,1,0,8783000.0
800.0,2,4400000,2.0,1.0,11291.5,1,0,0,1,0,8783000.0
1800.0,4,12500000,4.0,1.0,11291.5,1,1,1,1,0,8783000.0
800.0,2,3000000,2.0,1.0,11291.5,1,0,1,1,0,8783000.0
675.0,2,2800000,2.0,1.0,11291.5,1,0,1,1,0,8783000.0
1175.0,3,5000000,3.0,4.0,11291.5,0,0,1,0,1,8783000.0
1500.0,3,6000000,3.0,4.0,11291.5,1,1,1,0,1,8783000.0
810.0,2,4500000,2.0,4.0,11291.5,1,1,0,0,1,8783000.0
630.0,2,2800000,2.0,1.0,11291.5,1,1,0,0,1,8783000.0
650.0,2,2500000,2.0,1.0,11291.5,1,1,1,1,0,8783000.0
1800.0,4,8500000,4.0,1.0,11291.5,1,0,1,1,0,8783000.0
725.0,2,3000000,2.0,1.0,4138.0,1,1,0,0,0,8783000.0
900.0,3,4900000,2.0,1.0,4138.0,1,0,1,1,0,8783000.0
750.0,2,3500000,2.0,1.0,4138.0,1,0,1,0,1,8783000.0
700.0,2,3000000,2.0,1.0,4138.0,1,0,1,1,0,8783000.0
950.0,3,7020000,2.0,1.0,4138.0,0,0,1,1,0,8783000.0
1600.0,3,60000000,4.0,1.0,4138.0,0,0,0,0,1,8783000.0
900.0,2,3500000,2.0,1.0,4138.0,1,0,1,1,0,8783000.0
1500.0,3,7000000,3.0,1.0,4138.0,1,0,1,1,0,8783000.0
500.0,2,7000000,1.0,2.0,4138.0,1,1,0,1,0,8783000.0
1035.0,3,4500000,3.0,1.0,4138.0,1,0,1,1,0,8783000.0
825.0,3,5990000,2.0,1.0,4138.0,1,0,1,1,0,8783000.0
1300.0,3,4400000,3.0,1.0,4138.0,1,0,1,1,0,8783000.0
765.0,2,2500000,2.0,4.0,4138.0,1,0,1,0,1,8783000.0
580.0,1,1600000,1.0,1.0,4138.0,1,0,1,1,0,8783000.0
1750.0,3,6500000,3.0,1.0,4138.0,1,0,1,1,0,8783000.0
650.0,2,2750000,2.0,1.0,11291.5,1,1,0,1,0,4736667.0
405.0,1,1500000,1.0,1.0,11291.5,1,0,0,1,0,4736667.0
675.0,2,2200000,1.0,1.0,3259.0,1,1,1,0,1,4736667.0
850.0,2,2800000,2.0,1.0,3294.0,1,1,0,1,0,4736667.0
800.0,3,4500000,3.0,1.0,3294.0,1,1,0,1,0,4736667.0
405.0,1,1800000,1.0,1.0,3294.0,1,1,0,0,0,4736667.0
1350.0,3,8500000,3.0,1.0,3294.0,1,0,1,0,1,4736667.0
1350.0,3,8500000,3.0,1.0,3294.0,1,0,0,0,1,4736667.0
450.0,1,1700000,1.0,1.0,3294.0,1,0,1,0,1,4736667.0
1300.0,3,7000000,3.0,2.0,3294.0,1,0,1,1,0,4736667.0
1050.0,3,5600000,2.0,2.0,3294.0,1,0,1,0,1,4736667.0
1675.0,4,13500000,3.0,2.0,8060.0,1,1,1,0,0,4736667.0
1250.0,3,8500000,3.0,2.0,8060.0,0,0,1,0,1,4736667.0
1080.0,3,6000000,3.0,5.0,8060.0,1,0,0,0,1,4736667.0
1170.0,3,7200000,3.0,5.0,8060.0,0,0,1,0,1,4736667.0
1250.0,3,6500000,2.0,1.0,8060.0,1,1,0,1,0,4736667.0
1500.0,3,8400000,3.0,1.0,8060.0,1,0,0,1,0,4736667.0
1350.0,3,8500000,3.0,1.0,8060.0,1,0,0,0,1,4736667.0
855.0,2,4000000,2.0,1.0,4678.0,1,1,1,1,0,4736667.0
540.0,1,1700000,1.0,1.0,3148.0,1,1,1,0,1,4736667.0
1044.0983,3,6000000,2.0,1.0,3148.0,1,1,1,0,1,4736667.0
405.0,1,1600000,1.0,1.0,3148.0,1,1,0,1,0,4736667.0
500.0,1,2100000,2.0,1.0,4200.0,1,1,0,1,0,4736667.0
450.0,1,1700000,1.0,1.0,3778.0,1,1,0,0,0,4736667.0
405.0,1,1500000,1.0,1.0,3778.0,1,1,0,0,1,4736667.0
405.0,1,1200000,1.0,1.0,2963.0,1,1,1,0,1,4736667.0
450.0,1,1650000,1.0,1.0,3667.0,1,1,0,0,1,4736667.0
173.0,2,3500000,2.0,1.0,3667.0,1,1,1,0,1,4736667.0
1100.0,3,8500000,2.0,1.0,7727.0,1,1,1,0,1,4736667.0
600.0,2,3200000,2.0,1.0,5333.0,1,1,1,0,1,4736667.0
800.0,3,4400000,2.0,1.0,11291.5,1,0,1,1,0,4108000.0
990.0,4,7200000,3.0,1.0,11291.5,0,0,1,0,1,4108000.0
1100.0,3,7500000,2.0,1.0,11291.5,1,0,1,1,0,4108000.0
1100.0,3,6500000,2.0,1.0,11291.5,1,0,0,0,1,4108000.0
527.0,2,3500000,2.0,1.0,11291.5,1,1,1,1,0,4108000.0
1000.0,2,6500000,2.0,1.0,11291.5,1,1,1,1,0,4108000.0
1000.0,3,6200000,2.0,1.0,11291.5,1,1,1,1,0,4108000.0
450.0,1,2500000,1.0,1.0,11291.5,1,0,1,1,0,4108000.0
600.0,2,3000000,2.0,1.0,11291.5,1,0,0,1,0,4108000.0
950.0,3,6000000,2.0,1.0,11291.5,1,0,1,0,0,4108000.0
855.0,3,4800000,2.0,1.0,11291.5,1,1,0,0,1,4108000.0
770.0,2,3790000,2.0,1.0,4922.0,1,0,1,1,0,4108000.0
810.0,3,4200000,2.0,1.0,4922.0,1,0,0,1,0,4108000.0
710.0,2,2900000,2.0,1.0,4922.0,1,1,0,0,1,4108000.0
950.0,3,5000000,2.0,1.0,4922.0,1,1,1,0,1,4108000.0
450.0,1,2100000,1.0,1.0,4922.0,1,0,1,1,0,4108000.0
500.0,2,3200000,2.0,1.0,4922.0,1,1,0,1,0,4108000.0
600.0,2,3000000,1.0,1.0,4922.0,1,1,0,1,0,4108000.0
420.0,1,2300000,1.0,1.0,4922.0,1,1,1,0,1,4108000.0
900.0,3,5900000,2.0,1.0,6556.0,0,0,1,1,0,4108000.0
945.0,3,5500000,2.0,1.0,5820.0,1,1,0,1,0,4108000.0
565.0,2,3500000,2.0,1.0,5820.0,1,1,1,0,1,4108000.0
450.0,2,1700000,1.0,1.0,3778.0,1,1,0,1,0,4108000.0
430.0,1,1850000,1.0,1.0,3778.0,1,0,1,0,1,4108000.0
550.0,2,2300000,2.0,1.0,3778.0,1,1,1,0,1,4108000.0
810.0,3,3800000,2.0,1.0,42222.0,1,1,1,0,0,4108000.0
720.0,3,4500000,2.0,1.0,42222.0,1,1,1,1,0,4108000.0
360.0,2,2200000,1.0,1.0,42222.0,1,0,0,1,0,4108000.0
820.0,3,5200000,2.0,1.0,42222.0,1,1,1,1,0,4108000.0
459.0,2,2200000,2.0,1.0,43137.0,1,1,1,1,0,4108000.0
378.0,1,1500000,2.0,2.0,11291.5,1,1,0,0,1,2429667.0
450.0,1,2200000,1.0,2.0,4889.0,1,1,0,0,0,2429667.0
900.0,2,3800000,2.0,2.0,4222.0,1,1,0,1,0,2429667.0
360.0,1,1800000,1.0,1.0,5000.0,1,1,0,0,1,2429667.0
559.7228,2,2850000,2.0,3.0,5092.0,1,1,0,0,0,2429667.0
350.0,1,2500000,1.0,3.0,7143.0,1,1,0,0,1,2429667.0
365.0,1,3500000,1.0,39.0,7143.0,1,1,0,0,1,2429667.0
390.0,1,2000000,1.0,39.0,5128.0,1,1,0,0,1,2429667.0
350.0,1,3000000,1.0,39.0,5128.0,1,1,0,0,1,2429667.0
210.0,1,2000000,1.0,39.0,5128.0,1,0,0,1,0,2429667.0
50.0,1,3500000,1.0,39.0,5128.0,1,0,0,0,1,2429667.0
500.0,1,1800000,1.0,39.0,3600.0,1,1,0,0,1,2429667.0
350.0,1,1600000,1.0,39.0,4571.0,1,1,0,0,1,2429667.0
379.0,1,1600000,1.0,1.0,4221.0,1,1,1,0,1,2429667.0
236.8058,1,2000000,1.0,1.0,4221.0,1,1,0,0,1,2429667.0
445.0,1,1500000,1.0,1.0,4221.0,1,1,0,0,1,2429667.0
452.0838,2,3000000,1.0,1.0,6636.0,1,1,0,0,0,2429667.0
350.0,1,1490000,1.0,1.0,4270.0,1,0,0,0,1,2429667.0
437.0,1,3500000,1.0,1.0,4270.0,1,0,0,0,0,2429667.0
61.0,3,4000000,3.0,1.0,4270.0,1,1,0,0,1,2429667.0
495.0,2,1750000,2.0,1.0,4270.0,1,1,1,0,1,2429667.0
900.0,2,4600000,2.0,1.0,4270.0,1,1,0,0,1,2429667.0
350.0,1,1800000,1.0,1.0,5143.0,1,1,1,1,0,2429667.0
585.0,2,1900000,2.0,1.0,3248.0,1,1,1,0,1,2429667.0
198.0,1,1000000,1.0,1.0,5051.0,1,1,0,0,0,2429667.0
4900.0,1,1000000,1.0,1.0,5051.0,1,0,0,0,1,2429667.0
2077.4327,1,1000000,1.0,1.0,5051.0,1,1,1,0,1,2429667.0
50.0,1,3500000,1.0,1.0,5051.0,1,0,0,1,0,2429667.0
990.0,3,5000000,2.0,1.0,5051.0,1,1,1,0,0,2429667.0
425.0,1,2200000,1.0,1.0,5176.0,1,1,0,0,1,2429667.0
750.0,2,13000000,2.0,1.0,11291.5,0,0,1,0,1,33150000.0
1400.0,3,34000000,3.0,2.0,11291.5,1,0,1,1,0,33150000.0
3600.0,4,60000000,4.0,3.0,11291.5,1,0,1,1,0,33150000.0
3000.0,4,74500000,5.0,4.0,11291.5,1,0,1,1,0,33150000.0
2750.0,4,75000000,5.0,2.0,11291.5,0,0,1,0,1,33150000.0
2050.0,4,62500000,4.0,2.0,11291.5,1,0,1,1,0,33150000.0
3000.0,4,67000000,4.0,2.0,14888.0,1,0,1,0,1,33150000.0
850.0,2,8500000,2.0,2.0,14888.0,1,1,1,0,1,33150000.0
750.0,2,11500000,2.0,2.0,14888.0,0,0,1,0,1,33150000.0
2600.0,4,52500000,5.0,3.0,14888.0,1,0,1,1,0,33150000.0
800.0,2,12000000,2.0,1.0,14888.0,1,0,1,1,0,33150000.0
550.0,2,10700000,2.0,2.0,14888.0,1,1,1,1,0,33150000.0
700.0,2,9000000,2.0,1.0,14888.0,1,1,0,1,0,33150000.0
2316.0,3,100000000,4.0,1.0,14888.0,1,1,1,0,0,33150000.0
900.0,3,6200000,2.0,1.0,14888.0,1,1,0,1,0,33150000.0
100.0,3,17000000,2.0,1.0,14888.0,1,1,1,1,0,33150000.0
900.0,2,12500000,3.0,2.0,14888.0,1,1,1,1,0,33150000.0
1500.0,2,13000000,2.0,3.0,14888.0,1,0,1,1,0,33150000.0
650.0,3,4200000,2.0,3.0,14888.0,1,1,1,0,1,33150000.0
2000.0,4,36000000,4.0,2.0,14888.0,1,0,1,1,0,33150000.0
500.0,1,2300000,1.0,2.0,14888.0,1,1,0,0,1,33150000.0
1125.0,2,8100000,2.0,2.0,7200.0,1,1,1,0,1,33150000.0
1300.0,3,10000000,3.0,1.0,7200.0,1,1,1,1,0,33150000.0
2500.0,4,62500000,5.0,1.0,7200.0,1,0,1,0,1,33150000.0
2200.0,4,65000000,5.0,2.0,7200.0,1,0,1,1,0,33150000.0
1290.0,3,20000000,2.0,2.0,7200.0,1,1,1,1,0,33150000.0
2250.0,4,57500000,4.0,2.0,7200.0,1,0,1,1,0,33150000.0
1350.0,3,30000000,3.0,2.0,7200.0,1,0,1,1,0,33150000.0
1400.0,3,30000000,3.0,1.0,21429.0,1,0,1,1,0,33150000.0
1700.0,3,30000000,3.0,2.0,21429.0,1,0,1,0,1,33150000.0
450.0,1,3300000,1.0,1.0,11291.5,1,1,0,0,1,7226000.0
750.0,2,7350000,1.0,1.0,11291.5,1,1,0,0,1,7226000.0
1500.0,4,12500000,1.0,1.0,11291.5,1,1,0,0,1,7226000.0
400.0,1,3500000,1.0,1.0,11291.5,1,1,0,1,0,7226000.0
650.0,2,6500000,2.0,1.0,11291.5,1,1,1,0,1,7226000.0
900.0,2,6900000,2.0,2.0,7666.0,1,1,1,0,0,7226000.0
400.0,1,3600000,1.0,1.0,7666.0,1,1,1,0,1,7226000.0
900.0,3,13500000,2.0,2.0,7666.0,1,1,0,1,0,7226000.0
1000.0,3,9200000,2.0,1.0,9200.0,1,1,0,0,0,7226000.0
405.0,1,2500000,1.0,1.0,9200.0,1,1,0,0,1,7226000.0
1700.0,3,17000000,2.0,1.0,9200.0,1,1,0,0,0,7226000.0
800.0,3,9030000,2.0,1.0,9200.0,1,1,0,1,0,7226000.0
1076.39,3,9300000,2.0,10.0,8640.0,1,1,1,0,1,7226000.0
750.0,2,6500000,1.0,2.0,8640.0,1,0,0,1,0,7226000.0
460.0,2,3300000,1.0,2.0,8640.0,1,1,1,0,1,7226000.0
370.0,1,2400000,1.0,2.0,6486.0,1,1,1,0,1,7226000.0
1800.0,3,15000000,3.0,1.0,8333.0,1,0,1,1,0,7226000.0
1080.0,3,7000000,1.0,1.0,8333.0,1,0,0,0,1,7226000.0
350.0,1,4200000,1.0,1.0,12000.0,1,1,0,0,1,7226000.0
500.0,2,5800000,1.0,1.0,12000.0,1,1,0,0,0,7226000.0
900.0,3,4800000,2.0,1.0,12000.0,1,1,0,1,0,7226000.0
800.0,2,7500000,2.0,1.0,9375.0,1,1,0,1,0,7226000.0
350.0,1,3000000,1.0,1.0,9375.0,1,1,0,0,1,7226000.0
430.556,1,4300000,1.0,1.0,9375.0,1,1,0,0,1,7226000.0
500.0,1,2600000,1.0,1.0,5200.0,1,1,1,1,0,7226000.0
1450.0,2,7000000,2.0,1.0,5200.0,1,1,0,0,1,7226000.0
800.0,2,6000000,2.0,1.0,7500.0,1,1,1,0,1,7226000.0
1000.0,2,6700000,2.0,1.0,6700.0,1,1,0,1,0,7226000.0
1000.0,3,9500000,3.0,1.0,9500.0,1,1,0,0,0,7226000.0
1600.0,3,17000000,2.0,1.0,10625.0,1,1,0,1,0,7226000.0
900.0,2,8000000,2.0,1.0,11291.5,1,1,0,1,0,11105000.0
1500.0,3,12000000,3.0,1.0,11291.5,1,1,0,1,0,11105000.0
1050.0,2,9000000,2.0,1.0,11291.5,1,1,0,1,0,11105000.0
1300.0,3,11500000,2.0,2.0,11291.5,1,1,0,1,0,11105000.0
1600.0,4,20000000,3.0,1.0,11291.5,1,1,0,0,0,11105000.0
900.0,2,8550000,2.0,1.0,11291.5,1,1,0,1,0,11105000.0
1350.0,4,10500000,4.0,1.0,11291.5,1,1,0,1,0,11105000.0
1000.0,3,12000000,2.0,2.0,11291.5,1,1,0,0,0,11105000.0
1400.0,3,11000000,2.0,1.0,11291.5,1,1,0,0,1,11105000.0
975.0,3,12000000,2.0,1.0,11291.5,1,1,0,1,0,11105000.0
900.0,2,9000000,2.0,114.0,11291.5,1,1,0,0,1,11105000.0
1100.0,2,10000000,2.0,114.0,11291.5,1,1,0,1,0,11105000.0
950.0,2,8100000,2.0,114.0,11291.5,1,1,0,0,1,11105000.0
1300.0,3,9200000,3.0,1.0,11291.5,1,1,0,0,0,11105000.0
1459.0,3,14200000,3.0,1.0,11291.5,1,1,0,1,0,11105000.0
1000.0,2,7500000,2.0,1.0,11291.5,1,1,0,1,0,11105000.0
1100.0,2,9500000,2.0,1.0,11291.5,1,1,0,1,0,11105000.0
1450.0,3,14000000,2.0,1.0,9655.0,1,1,0,0,0,11105000.0
1450.0,3,11600000,3.0,1.0,9655.0,1,1,0,1,0,11105000.0
1150.0,3,12000000,3.0,1.0,9655.0,1,1,0,1,0,11105000.0
780.0,2,7500000,2.0,1.0,9655.0,1,1,0,1,0,11105000.0
1300.0,3,9800000,2.0,2.0,9655.0,1,1,0,1,0,11105000.0
1350.0,3,12000000,3.0,1.0,9655.0,1,1,0,1,0,11105000.0
1200.0,3,12500000,2.0,1.0,9655.0,1,1,0,1,0,11105000.0
1460.0,3,16500000,3.0,1.0,9655.0,1,1,0,1,0,11105000.0
1460.0,3,12000000,3.0,1.0,9655.0,1,1,0,0,1,11105000.0
1100.0,2,7200000,2.0,1.0,9655.0,1,1,0,0,1,11105000.0
1500.0,3,15000000,3.0,2.0,10000.0,1,1,0,0,0,11105000.0
1050.0,2,10000000,2.0,1.0,10000.0,1,1,0,1,0,11105000.0
1350.0,3,11000000,3.0,1.0,10000.0,1,1,0,1,0,11105000.0
1500.0,2,24700000,2.0,2.0,16466.0,0,0,0,0,0,20601471.0
976.0,2,24900000,2.0,2.0,25512.0,0,0,0,0,0,20601471.0
540.0,2,3600000,1.0,1.0,25512.0,1,0,1,1,0,20601471.0
450.0,1,1700000,1.0,1.0,25512.0,1,0,1,1,0,20601471.0
900.0,2,11000000,2.0,1.0,25512.0,1,1,0,0,1,20601471.0
2500.0,4,75000000,4.0,2.0,30000.0,1,1,1,1,0,20601471.0
979.5149,2,24800000,2.0,1.0,30000.0,0,0,0,0,1,20601471.0
945.0,2,24900000,2.0,1.0,30000.0,0,0,0,1,0,20601471.0
976.0,2,24900000,2.0,2.0,30000.0,0,0,0,0,1,20601471.0
1531.0,2,25900000,2.0,2.0,16917.0,0,0,0,0,1,20601471.0
1000.0,2,11700000,2.0,2.0,16917.0,1,1,1,0,1,20601471.0
750.0,3,13500000,2.0,2.0,16917.0,1,1,0,0,0,20601471.0
900.0,3,5500000,2.0,1.0,16917.0,1,1,1,0,0,20601471.0
1512.0,2,30000000,2.0,1.0,19841.0,0,0,0,0,1,20601471.0
35.0,3,4950000,2.0,2.0,19841.0,1,1,0,1,0,20601471.0
1500.0,3,16000000,2.0,1.0,19841.0,1,1,0,1,0,20601471.0
2907.0,4,30000000,4.0,1.0,10320.0,1,1,0,1,0,20601471.0
2210.0,4,41000000,3.0,1.0,10320.0,1,1,1,1,0,20601471.0
750.0,2,3800000,2.0,1.0,10320.0,1,1,1,1,0,20601471.0
2518.7526,4,68900000,5.0,2.0,10320.0,0,0,0,0,1,20601471.0
588.0,2,1800000,2.0,2.0,10320.0,1,0,0,0,1,20601471.0
540.0,2,1500000,1.0,2.0,2778.0,1,1,1,0,1,72709677.0
1100.0,3,12500000,3.0,2.0,2778.0,1,1,0,1,0,20601471.0
550.0,2,1600000,1.0,2.0,2778.0,1,1,0,1,0,20601471.0
750.0,3,2400000,2.0,1.0,2778.0,1,1,1,1,0,20601471.0
1260.0,3,7000000,2.0,1.0,5556.0,1,1,1,1,0,20601471.0
675.0,2,3100000,2.0,1.0,5556.0,1,1,1,0,1,20601471.0
810.0,2,14500000,2.0,1.0,5556.0,1,1,0,1,0,20601471.0
3150.0,4,61500000,5.0,3.0,5556.0,1,0,1,1,0,20601471.0
2000.0,4,27500000,4.0,1.0,5556.0,1,1,1,1,0,20601471.0
1775.0,3,25500000,3.0,1.0,14366.0,0,0,0,1,0,21173125.0
1135.0,3,25000000,3.0,2.0,14366.0,0,1,0,0,0,21173125.0
1252.0,2,18500000,2.0,1.0,14776.0,0,0,0,1,0,21173125.0
2000.0,4,39700000,4.0,1.0,14776.0,0,0,0,1,0,21173125.0
530.0,4,6800000,1.0,1.0,14776.0,1,1,0,1,0,21173125.0
1332.0,3,6540000,2.0,1.0,14776.0,1,1,1,1,0,21173125.0
1017.0,3,22000000,3.0,1.0,14776.0,1,0,0,1,0,21173125.0
1775.0,3,25500000,3.0,1.0,14366.0,0,0,0,1,0,21173125.0
987.0,2,17000000,2.0,1.0,14366.0,1,0,0,1,0,21173125.0
1912.0,3,27500000,3.0,1.0,14382.0,0,0,0,1,0,21173125.0
5236.0,5,73700000,7.0,3.0,14092.0,0,0,0,0,1,21173125.0
2805.0,4,52300000,4.0,2.0,14092.0,0,1,0,0,1,21173125.0
1500.0,3,16000000,3.0,2.0,14092.0,1,1,0,0,1,21173125.0
1280.0,3,15000000,3.0,2.0,14092.0,1,1,1,0,0,21173125.0
1775.0,3,25500000,3.0,1.0,14366.0,0,0,0,1,0,21173125.0
675.0,2,10000000,2.0,1.0,14815.0,1,1,1,1,0,21173125.0
576.0,2,5000000,2.0,1.0,14815.0,1,1,0,0,1,21173125.0
1206.0,3,20000000,3.0,1.0,16584.0,1,1,1,1,0,21173125.0
1143.0,2,16000000,2.0,1.0,125984.0,1,1,0,0,1,21173125.0
345.0,1,5500000,1.0,1.0,125984.0,1,1,1,1,0,21173125.0
720.0,2,7000000,1.0,1.0,9722.0,1,1,1,1,0,21173125.0
468.0,2,4100000,2.0,1.0,8761.0,1,1,1,0,1,21173125.0
1600.0,3,24000000,3.0,1.0,8761.0,1,0,1,1,0,21173125.0
950.0,2,12500000,2.0,1.0,8761.0,1,1,0,0,0,21173125.0
535.0,2,3900000,1.0,1.0,7290.0,1,0,0,0,0,21173125.0
1200.0,3,14500000,2.0,1.0,7290.0,1,1,1,1,0,21173125.0
1501.0,3,20000000,2.0,1.0,13324.0,0,1,0,1,0,21173125.0
1135.0,3,24500000,3.0,2.0,13324.0,0,1,0,0,0,21173125.0
1200.0,3,20900000,2.0,1.0,13324.0,0,1,0,1,0,21173125.0
2200.0,3,43100000,3.0,1.0,13324.0,1,0,0,1,0,21173125.0
1240.0,3,18000000,3.0,1.0,11291.5,1,1,0,0,1,24520000.0
3002.0,4,50000000,5.0,2.0,11291.5,1,1,0,1,0,24520000.0
1350.0,3,18500000,2.0,1.0,11291.5,1,1,0,0,1,24520000.0
2300.0,4,46500000,5.0,3.0,11291.5,1,0,0,1,0,24520000.0
1429.0,3,17500000,3.0,2.0,11291.5,1,1,0,0,1,24520000.0
2430.0,4,42500000,5.0,2.0,11291.5,1,1,0,1,0,24520000.0
1450.0,3,15500000,3.0,2.0,11291.5,1,0,0,1,0,24520000.0
1250.0,2,15000000,2.0,2.0,11291.5,1,1,0,0,0,24520000.0
2800.0,4,40000000,4.0,2.0,14285.0,1,1,0,0,1,24520000.0
1646.0,3,20000000,3.0,1.0,12151.0,1,1,0,0,1,24520000.0
900.0,2,6700000,2.0,1.0,12151.0,1,1,0,1,0,24520000.0
1250.0,3,16000000,2.0,1.0,12151.0,1,1,0,1,0,24520000.0
900.0,3,8000000,2.0,1.0,8889.0,1,1,1,0,1,24520000.0
1590.0,3,25000000,2.0,2.0,8889.0,1,0,0,0,1,24520000.0
990.0,3,25000000,2.0,2.0,8889.0,1,1,0,0,1,24520000.0
2282.0,4,37500000,5.0,2.0,8889.0,1,1,0,0,1,24520000.0
1260.0,3,25000000,3.0,1.0,8889.0,1,1,0,1,0,24520000.0
1457.0,3,23000000,3.0,1.0,8889.0,1,1,0,0,1,24520000.0
1400.0,3,17500000,2.0,2.0,8889.0,1,1,0,1,0,24520000.0
2175.0,4,44000000,4.0,1.0,8889.0,1,1,0,0,1,24520000.0
1450.0,3,15000000,3.0,2.0,8889.0,1,0,0,1,0,24520000.0
2800.0,4,42500000,5.0,2.0,15178.0,1,1,0,1,0,24520000.0
861.112,2,5000000,2.0,2.0,5806.0,1,1,1,0,0,24520000.0
2282.0,4,38000000,5.0,2.0,5806.0,1,1,0,0,1,24520000.0
1753.0,3,19000000,3.0,1.0,10838.0,1,1,0,0,1,24520000.0
2659.0,4,43500000,5.0,3.0,10838.0,1,1,0,0,1,24520000.0
1550.0,3,19500000,2.0,3.0,10838.0,1,1,0,0,1,24520000.0
1470.0,3,14200000,2.0,2.0,10838.0,1,0,0,1,0,24520000.0
702.0,3,14200000,2.0,2.0,10838.0,1,1,0,1,0,24520000.0
1138.0,2,13500000,2.0,2.0,10838.0,1,0,0,1,0,24520000.0
1600.0,3,21000000,3.0,2.0,11291.5,1,0,1,1,0,13056667.0
1600.0,3,22500000,3.0,1.0,11291.5,1,1,1,1,0,13056667.0
1250.0,2,19000000,4.0,1.0,11291.5,1,1,1,1,0,13056667.0
810.0,3,7500000,2.0,1.0,11291.5,1,1,1,1,0,13056667.0
585.0,2,4000000,2.0,1.0,11291.5,1,1,1,1,0,13056667.0
1700.0,3,8000000,3.0,2.0,11291.5,1,1,1,0,1,13056667.0
1800.0,3,19000000,4.0,2.0,10556.0,1,1,0,1,0,13056667.0
600.0,1,7000000,1.0,2.0,10556.0,1,0,0,0,1,13056667.0
1250.0,3,5800000,3.0,1.0,10556.0,1,0,1,0,1,13056667.0
600.0,3,8000000,2.0,1.0,10556.0,1,1,1,1,0,13056667.0
1600.0,3,18800000,4.0,1.0,10556.0,1,1,0,0,1,13056667.0
1100.0,3,6000000,2.0,1.0,10556.0,1,0,1,1,0,13056667.0
450.0,1,2200000,1.0,1.0,10556.0,1,0,0,0,1,13056667.0
855.0,3,6500000,2.0,1.0,10556.0,1,1,1,1,0,13056667.0
1291.668,3,23500000,2.0,1.0,10556.0,1,1,0,0,1,13056667.0
1300.0,2,16000000,2.0,2.0,12307.0,1,1,0,1,0,13056667.0
1350.0,3,20000000,3.0,2.0,12307.0,1,1,0,0,1,13056667.0
900.0,2,5500000,2.0,2.0,12307.0,1,0,1,0,1,13056667.0
850.0,2,13500000,2.0,1.0,15882.0,1,1,0,1,0,13056667.0
1650.0,3,22500000,3.0,1.0,15882.0,1,1,1,1,0,13056667.0
650.0,2,3800000,2.0,1.0,15882.0,1,1,0,0,1,13056667.0
630.0,2,4600000,2.0,1.0,65714.0,1,1,1,1,0,13056667.0
1250.0,2,17500000,1.0,2.0,65714.0,1,1,0,1,0,13056667.0
1800.0,4,5500000,3.0,2.0,65714.0,1,0,1,0,0,13056667.0
1500.0,3,22500000,3.0,2.0,65714.0,1,1,1,1,0,13056667.0
1100.0,2,12500000,2.0,1.0,11363.0,1,1,0,1,0,13056667.0
1400.0,3,19000000,2.0,2.0,13571.0,1,1,0,1,0,13056667.0
1300.0,2,15500000,2.0,2.0,11923.0,1,1,0,1,0,13056667.0
1100.0,2,13500000,2.0,2.0,12272.0,1,1,0,1,0,13056667.0
1600.0,3,21000000,3.0,2.0,13125.0,1,1,0,1,0,13056667.0
2250.0,4,50000000,4.0,2.0,11291.5,1,0,1,1,0,33103333.0
2592.0,4,42500000,3.0,2.0,11291.5,1,1,1,0,1,33103333.0
1800.0,4,45500000,4.0,2.0,11291.5,0,0,1,0,1,33103333.0
1700.0,3,23000000,3.0,2.0,11291.5,1,1,1,1,0,33103333.0
1640.0,3,12000000,3.0,1.0,11291.5,1,1,0,0,1,33103333.0
2572.0,3,35000000,3.0,4.0,13608.0,1,1,0,0,0,33103333.0
2100.0,3,25000000,3.0,1.0,11905.0,1,1,1,1,0,33103333.0
1620.0,3,29000000,3.0,1.0,11905.0,1,0,1,1,0,33103333.0
2500.0,4,80000000,4.0,2.0,11905.0,1,0,1,1,0,33103333.0
2250.0,3,20500000,3.0,2.0,11905.0,1,1,0,1,0,33103333.0
2445.0,4,52500000,4.0,1.0,11905.0,1,1,0,1,0,33103333.0
2250.0,4,37500000,4.0,2.0,11905.0,1,0,1,0,1,33103333.0
800.0,2,7500000,2.0,2.0,11905.0,1,1,0,1,0,33103333.0
1450.0,3,32500000,3.0,2.0,11905.0,1,1,1,1,0,33103333.0
1440.0,3,24500000,3.0,2.0,11905.0,1,1,1,0,1,33103333.0
5220.0,5,65000000,5.0,2.0,11905.0,1,1,1,0,1,33103333.0
1800.0,3,27500000,3.0,2.0,11905.0,1,0,1,1,0,33103333.0
4455.0,5,115000000,5.0,1.0,11905.0,0,0,1,1,0,33103333.0
195.0,3,28000000,3.0,1.0,11905.0,0,0,1,1,0,33103333.0
807.2925,2,8000000,1.0,1.0,9909.0,1,1,1,1,0,33103333.0
3500.0,4,75100000,4.0,3.0,9909.0,1,0,1,0,0,33103333.0
1000.0,2,7800000,2.0,1.0,7800.0,1,1,0,1,0,33103333.0
900.0,2,15000000,2.0,1.0,16667.0,1,1,1,1,0,33103333.0
1800.0,3,27500000,3.0,1.0,15278.0,1,1,1,0,0,33103333.0
17010.0,3,25000000,3.0,2.0,15278.0,1,1,1,1,0,33103333.0
2340.0,4,26000000,4.0,1.0,15278.0,1,1,1,1,0,33103333.0
1350.0,3,23500000,3.0,1.0,15278.0,1,1,0,0,1,33103333.0
464.0,3,4200000,1.0,1.0,15278.0,1,1,1,0,1,33103333.0
954.0,2,10000000,2.0,1.0,15278.0,1,1,1,0,1,33103333.0
1155.0,2,18500000,2.0,1.0,15278.0,1,1,1,1,0,33103333.0
700.0,2,16500000,2.0,1.0,11291.5,1,1,0,0,1,18006897.0
980.0,2,13800000,2.0,2.0,11291.5,1,1,0,1,0,18006897.0
1350.0,3,21000000,3.0,2.0,11291.5,1,1,0,1,0,18006897.0
1800.0,3,22500000,3.0,2.0,11291.5,1,1,0,1,0,18006897.0
968.751,2,15000000,2.0,2.0,11291.5,1,1,0,1,0,18006897.0
1250.0,3,20000000,3.0,2.0,11291.5,1,0,0,1,0,18006897.0
1800.0,3,20000000,3.0,2.0,11291.5,1,0,0,0,0,18006897.0
1400.0,3,26000000,2.0,2.0,11291.5,1,1,1,1,0,18006897.0
1000.0,3,19500000,3.0,2.0,11291.5,1,1,0,1,0,18006897.0
1800.0,4,21500000,2.0,1.0,11291.5,1,1,0,1,0,18006897.0
1500.0,3,26500000,3.0,1.0,11291.5,1,0,0,0,1,18006897.0
1600.0,3,20000000,3.0,2.0,12500.0,1,1,0,1,0,18006897.0
1400.0,3,18000000,3.0,1.0,12500.0,1,1,0,0,0,18006897.0
1400.0,3,19000000,2.0,1.0,12500.0,1,1,0,0,1,18006897.0
2700.0,4,36500000,4.0,2.0,12500.0,1,1,1,0,1,52061905.0
1100.0,2,15000000,2.0,2.0,12500.0,1,1,0,0,1,18006897.0
1200.0,2,17500000,2.0,2.0,12500.0,1,1,0,1,0,18006897.0
1400.0,2,14000000,2.0,2.0,12500.0,1,1,0,1,0,18006897.0
1500.0,3,21000000,3.0,2.0,12500.0,1,1,0,1,0,18006897.0
1320.0,3,15600000,2.0,2.0,12500.0,1,1,0,0,1,18006897.0
1300.0,3,19000000,3.0,2.0,12500.0,1,1,0,0,1,18006897.0
1150.0,2,16500000,2.0,1.0,12500.0,1,1,0,0,1,18006897.0
1440.0,3,19000000,3.0,1.0,12500.0,1,1,0,0,1,18006897.0
1400.0,2,16500000,2.0,1.0,12500.0,1,1,0,0,1,18006897.0
450.0,1,3000000,1.0,1.0,12500.0,1,1,1,1,0,18006897.0
1300.0,2,15000000,2.0,1.0,11538.0,1,1,0,1,0,18006897.0
1200.0,2,14300000,2.0,1.0,11538.0,1,1,0,0,1,18006897.0
1300.0,3,18500000,2.0,1.0,11538.0,1,1,0,0,1,18006897.0
1400.0,3,19000000,3.0,1.0,11538.0,1,1,0,0,0,18006897.0
1400.0,3,19000000,3.0,1.0,11538.0,1,1,0,1,0,18006897.0
500.0,2,3300000,2.0,1.0,11291.5,1,0,1,1,0,13361290.0
700.0,2,3800000,2.0,1.0,11291.5,1,0,1,1,0,13361290.0
900.0,3,7000000,3.0,1.0,11291.5,1,0,1,1,0,13361290.0
1260.0,3,16500000,3.0,2.0,11291.5,1,1,1,1,0,13361290.0
950.0,3,8000000,2.0,1.0,11291.5,1,0,0,1,0,13361290.0
405.0,1,5600000,1.0,1.0,11291.5,1,1,1,0,1,13361290.0
1800.0,2,21000000,2.0,1.0,11291.5,1,1,1,0,0,13361290.0
1300.0,3,21000000,3.0,2.0,11291.5,1,1,1,1,0,13361290.0
1000.0,3,8600000,3.0,2.0,11291.5,1,0,0,1,0,13361290.0
900.0,3,6600000,2.0,2.0,11291.5,1,1,0,1,0,12942544.0
1800.0,3,14000000,3.0,2.0,11291.5,1,1,1,1,0,13361290.0
720.0,2,4700000,2.0,2.0,11291.5,1,1,1,0,1,13361290.0
1485.0,3,30000000,3.0,1.0,11291.5,1,1,0,0,1,13361290.0
1600.0,3,26000000,3.0,2.0,11291.5,1,1,1,1,0,13361290.0
1200.0,2,18500000,2.0,2.0,11291.5,1,1,0,0,0,13361290.0
900.0,2,6500000,2.0,2.0,11291.5,1,1,0,1,0,13361290.0
900.0,2,15000000,2.0,2.0,11291.5,1,1,0,0,1,13361290.0
800.0,2,8000000,2.0,1.0,10000.0,1,1,1,1,0,13361290.0
1150.0,2,16100000,3.0,2.0,10000.0,1,1,0,1,0,13361290.0
900.0,3,6800000,3.0,1.0,10000.0,1,0,1,1,0,13361290.0
1070.0,3,6800000,2.0,1.0,10000.0,1,1,0,0,0,13361290.0
1050.0,2,9000000,2.0,1.0,10000.0,1,1,0,0,1,13361290.0
1000.0,2,18000000,2.0,1.0,18000.0,1,1,1,1,0,13361290.0
1550.0,3,27500000,3.0,2.0,18000.0,1,1,1,0,1,13361290.0
1300.0,3,13500000,2.0,1.0,18000.0,1,1,0,0,1,13361290.0
810.0,2,14000000,2.0,1.0,18000.0,1,0,1,1,0,13361290.0
900.0,2,9000000,2.0,1.0,18000.0,1,1,1,0,0,13361290.0
1200.0,2,16000000,2.0,1.0,18000.0,1,1,0,0,1,13361290.0
1000.0,2,11000000,3.0,1.0,18000.0,1,1,0,1,0,13361290.0
720.0,2,5500000,2.0,1.0,18000.0,0,0,1,0,1,13361290.0
2520.0,3,47500000,3.0,1.0,11291.5,1,0,1,0,1,68466667.0
1700.0,3,45000000,4.0,2.0,11291.5,1,0,1,0,1,68466667.0
1800.0,3,43500000,3.0,2.0,24166.0,1,0,1,1,0,68466667.0
6000.0,5,180000000,5.0,3.0,30000.0,1,0,0,1,0,68466667.0
1800.0,4,80000000,4.0,2.0,30000.0,1,0,1,1,0,68466667.0
2000.0,3,37500000,3.0,2.0,30000.0,1,1,0,0,1,68466667.0
2066.0,4,60000000,4.0,2.0,30000.0,0,0,1,0,1,68466667.0
2050.0,3,71000000,3.0,2.0,30000.0,1,0,1,1,0,68466667.0
1100.0,3,18500000,3.0,2.0,30000.0,1,1,0,0,1,68466667.0
4500.0,4,70000000,4.0,2.0,30000.0,1,0,1,1,0,68466667.0
4500.0,4,85000000,5.0,2.0,170000.0,1,0,1,1,0,68466667.0
6500.0,4,190000000,5.0,3.0,170000.0,1,0,1,0,1,68466667.0
4350.0,4,135000000,6.0,2.0,170000.0,1,0,0,1,0,68466667.0
1750.0,3,35000000,3.0,2.0,170000.0,1,1,1,0,1,68466667.0
3600.0,4,65000000,4.0,2.0,18055.0,0,0,1,1,0,68466667.0
1200.0,2,27500000,2.0,1.0,18055.0,1,1,1,0,0,68466667.0
1500.0,3,45000000,4.0,2.0,18055.0,1,1,1,0,1,68466667.0
2250.0,4,100000000,4.0,3.0,18055.0,1,0,1,0,1,68466667.0
1800.0,3,47000000,4.0,2.0,18055.0,1,0,1,1,0,68466667.0
1600.0,3,27500000,4.0,2.0,18055.0,1,1,1,1,0,68466667.0
2800.0,4,70000000,5.0,3.0,25000.0,1,0,1,1,0,68466667.0
1700.0,3,36500000,3.0,1.0,25000.0,1,1,0,1,0,68466667.0
2400.0,4,65000000,5.0,1.0,25000.0,1,1,1,0,1,68466667.0
1980.0,3,35000000,4.0,1.0,17677.0,0,0,0,0,1,68466667.0
2100.0,4,56000000,5.0,1.0,17677.0,1,0,1,1,0,68466667.0
5400.0,4,110000000,4.0,2.0,17677.0,1,1,1,0,1,68466667.0
1250.0,3,24000000,3.0,1.0,17677.0,1,1,1,1,0,68466667.0
2300.0,4,102500000,4.0,1.0,17677.0,1,0,1,1,0,68466667.0
2700.0,4,100000000,4.0,2.0,37037.0,1,0,1,1,0,68466667.0
1450.0,3,45000000,3.0,1.0,37037.0,1,0,1,1,0,68466667.0
2097.0,3,29000000,3.0,1.0,11291.5,1,1,1,0,1,26335714.0
1250.0,3,25500000,3.0,1.0,11291.5,0,0,1,1,0,26335714.0
1600.0,3,33500000,3.0,2.0,20938.0,1,0,1,1,0,26335714.0
2600.0,4,62500000,5.0,3.0,20938.0,1,0,1,1,0,26335714.0
1700.0,3,47500000,3.0,2.0,20938.0,1,0,1,1,0,26335714.0
1116.0,3,14700000,3.0,1.0,20938.0,1,1,1,1,0,26335714.0
1070.0,2,18000000,3.0,1.0,20938.0,1,0,1,1,0,26335714.0
1200.0,3,22500000,3.0,1.0,20938.0,1,0,1,1,0,26335714.0
1200.0,3,22000000,3.0,1.0,18333.0,1,0,1,0,1,26335714.0
1200.0,3,22200000,3.0,1.0,18333.0,1,0,1,1,0,26335714.0
1450.0,3,22500000,3.0,1.0,18333.0,1,1,1,1,0,26335714.0
1000.0,2,7500000,2.0,1.0,18333.0,1,1,0,1,0,26335714.0
2430.0,4,30000000,4.0,5.0,18333.0,1,1,1,0,0,26335714.0
945.0,2,6500000,1.0,5.0,6878.0,1,1,0,0,1,26335714.0
1650.0,3,35000000,3.0,5.0,6878.0,1,0,1,0,1,26335714.0
1350.0,3,17500000,2.0,1.0,6878.0,1,1,1,1,0,13361290.0
2625.0,4,60000000,5.0,2.0,6878.0,1,0,1,1,0,26335714.0
1800.0,4,40000000,4.0,2.0,6878.0,1,0,1,1,0,26335714.0
125.0,3,11500000,3.0,2.0,6878.0,1,0,1,1,0,26335714.0
1440.0,3,22500000,3.0,2.0,6878.0,1,0,1,1,0,26335714.0
1900.0,3,28500000,4.0,2.0,6878.0,1,0,1,1,0,26335714.0
1800.0,3,29000000,3.0,2.0,6878.0,1,1,1,1,0,26335714.0
1200.0,3,15500000,2.0,1.0,12916.0,1,1,1,1,0,26335714.0
1800.0,3,26000000,3.0,1.0,12916.0,1,1,1,1,0,13361290.0
1200.0,3,16500000,3.0,1.0,12916.0,1,1,1,1,0,26335714.0
4118.0,4,55000000,5.0,3.0,12916.0,1,0,1,0,1,26335714.0
1050.0,3,12500000,2.0,3.0,12916.0,1,1,1,1,0,26335714.0
875.0,3,17500000,3.0,3.0,12916.0,1,0,1,1,0,26335714.0
990.0,2,11500000,2.0,1.0,12916.0,1,1,1,0,1,26335714.0
11050.0,3,18500000,3.0,1.0,12916.0,1,0,1,0,1,26335714.0
